ЕКАТТЕ;вид;име;община;област
00014;с.;Абланица;Хаджидимово;Благоевград
00028;с.;Абланица;Ловеч;Ловеч
00031;с.;Абрит;Крушари;Добрич
00045;с.;Мокрен;Котел;Сливен
00059;с.;Аврамово;Якоруда;Благоевград
00062;с.;Аврамово;Ардино;Кърджали
00084;с.;Аврен;Аврен;Варна
00093;с.;Аврен;Крумовград;Кърджали
00103;с.;Агатово;Севлиево;Габрово
00117;с.;Азманите;Трявна;Габрово
00120;с.;Върбен;Кирково;Кърджали
00134;с.;Изгрев;Благоевград;Благоевград
00148;с.;Айрово;Кърджали;Кърджали
00151;гр.;Айтос;Айтос;Бургас
00165;с.;Аканджиево;Белово;Пазарджик
00179;с.;Акациево;Видин;Видин
00182;гр.;Аксаково;Аксаково;Варна
00196;с.;Аламовци;Златоград;Смолян
00206;с.;Албанци;Джебел;Кърджали
00215;с.;Алваново;Търговище;Търговище
00223;с.;Алдомировци;Сливница;София
00237;с.;Алеково;Свищов;Велико Търново
00240;с.;Алеково;Алфатар;Силистра
00254;с.;Алеко Константиново;Пазарджик;Пазарджик
00268;с.;Александрия;Крушари;Добрич
00271;с.;Александрово;Поморие;Бургас
00285;с.;Александрово;Свищов;Велико Търново
00299;с.;Александрово;Ловеч;Ловеч
00309;с.;Александрово;Павел баня;Стара Загора
00312;с.;Александрово;Търговище;Търговище
00326;с.;Александрово;Хасково;Хасково
00330;с.;Александрово;Смядово;Шумен
00343;с.;Александрово;Стралджа;Ямбол
00357;гр.;Нови Искър;Столична;София (столица)
00360;с.;Александър Стамболийски;Генерал Тошево;Добрич
00374;с.;Самуилово;Добрич-селска;Добрич
00388;с.;Алиговска;Смолян;Смолян
00391;с.;Алино;Самоков;София
00401;с.;Алтимир;Бяла Слатина;Враца
00415;гр.;Алфатар;Алфатар;Силистра
00429;с.;Алцек;Добрич-селска;Добрич
00432;с.;Ангеларий;Тервел;Добрич
00446;с.;Ангел войвода;Минерални бани;Хасково
00456;с.;Ангелов;Габрово;Габрово
00480;с.;Анево;Сопот;Пловдив
00494;с.;Антимово;Тутракан;Силистра
00504;с.;Антон;Антон;София
00518;гр.;Антоново;Антоново;Търговище
00521;с.;Аплаци;Елена;Велико Търново
00549;с.;Априлово;Горна Малина;София
00552;с.;Априлово;Гълъбово;Стара Загора
00566;с.;Априлово;Попово;Търговище
00571;с.;Априлци;Пазарджик;Пазарджик
00583;с.;Арбанаси;Велико Търново;Велико Търново
00597;с.;Арда;Смолян;Смолян
00607;гр.;Ардино;Ардино;Кърджали
00610;с.;Арзан;Брезник;Перник
00624;с.;Арковна;Дългопол;Варна
00638;с.;Армените;Габрово;Габрово
00641;с.;Армянковци;Трявна;Габрово
00655;с.;Арнаутито;Стара Загора;Стара Загора
00669;с.;Арпаджик;Мадан;Смолян
00672;с.;Арчар;Димово;Видин
00697;с.;Асен;Павел баня;Стара Загора
00702;гр.;Асеновград;Асеновград;Пловдив
00713;с.;Асеновец;Нова Загора;Сливен
00730;с.;Асеново;Стражица;Велико Търново
00744;с.;Асеново;Никопол;Плевен
00758;с.;Асеново;Тунджа;Ямбол
00761;с.;Асеновци;Левски;Плевен
00775;с.;Аспарухово;Карнобат;Бургас
00789;с.;Аспарухово;Дългопол;Варна
00792;с.;Аспарухово;Медковец;Монтана
00802;с.;Аспарухово;Левски;Плевен
00816;с.;Атолово;Стралджа;Ямбол
00828;с.;Ауста;Момчилград;Кърджали
00833;гр.;Ахелой;Поморие;Бургас
00847;с.;Ахматово;Садово;Пловдив
00850;с.;Гълъбово;Баните;Смолян
00864;с.;Ахрянско;Ардино;Кърджали
00878;гр.;Ахтопол;Царево;Бургас
00881;с.;Абланица;Велинград;Пазарджик
00895;с.;Айдемир;Силистра;Силистра
00905;с.;Априлци;Кирково;Кърджали
00919;с.;Антимово;Видин;Видин
02021;с.;Баба Тонка;Попово;Търговище
02035;с.;Бабек;Брезово;Пловдив
02049;с.;Бабино;Бобов дол;Кюстендил
02052;с.;Бабинска река;Бобов дол;Кюстендил
02066;с.;Бабица;Брезник;Перник
02076;с.;Баблон;Смолян;Смолян
02083;с.;Бабово;Сливо поле;Русе
02097;с.;Бабук;Силистра;Силистра
02107;с.;Бабяк;Белица;Благоевград
02110;с.;Багалевци;Елена;Велико Търново
02124;с.;Багра;Кърджали;Кърджали
02138;с.;Багренци;Кюстендил;Кюстендил
02141;с.;Багрилци;Крумовград;Кърджали
02155;с.;Багрянка;Момчилград;Кърджали
02169;с.;Бадевци;Елена;Велико Търново
02172;с.;Бадино;Бобошево;Кюстендил
02191;с.;Баевци;Елена;Велико Търново
02207;с.;Баевци;Габрово;Габрово
02213;с.;Баждари;Елена;Велико Търново
02227;с.;Байкал;Долна Митрополия;Плевен
02230;с.;Байкалско;Радомир;Перник
02244;с.;Байково;Хитрино;Шумен
02258;с.;Байлово;Горна Малина;София
02261;с.;Бакалите;Черноочене;Кърджали
02289;с.;Бакьово;Своге;София
02292;с.;Балабаново;Момчилград;Кърджали
02302;с.;Балабанско;Троян;Ловеч
02333;с.;Балалея;Дряново;Габрово
02347;с.;Баланите;Габрово;Габрово
02350;с.;Баланово;Дупница;Кюстендил
02364;с.;Балван;Велико Търново;Велико Търново
02378;с.;Балванците;Дряново;Габрово
02381;с.;Балдево;Гърмен;Благоевград
02395;с.;Балей;Брегово;Видин
02405;с.;Балик;Тервел;Добрич
02419;с.;Балиновци;Габрово;Габрово
02436;с.;Балкан;Стамболово;Хасково
02448;с.;Балканец;Троян;Ловеч
02453;с.;Балкан махала;Лъки;Пловдив
02467;с.;Балкански;Разград;Разград
02470;с.;Балканци;Стражица;Велико Търново
02484;с.;Балканци;Генерал Тошево;Добрич
02498;с.;Балуци;Елена;Велико Търново
02508;гр.;Балчик;Балчик;Добрич
02511;с.;Балша;Столична;София (столица)
02539;с.;Бальовци;Ихтиман;София
02542;с.;Балювица;Берковица;Монтана
02556;с.;Банари;Дряново;Габрово
02563;с.;Бангейци;Трявна;Габрово
02587;с.;Баниска;Две могили;Русе
02590;с.;Баница;Враца;Враца
02600;с.;Баничан;Гоце Делчев;Благоевград
02614;с.;Банище;Брезник;Перник
02628;с.;Банковец;Антоново;Търговище
02631;с.;Банковци;Габрово;Габрово
02645;с.;Банкя;Трън;Перник
02659;гр.;Банкя;Столична;София (столица)
02662;с.;Баново;Суворово;Варна
02676;гр.;Банско;Банско;Благоевград
02689;с.;Банчовци;Ихтиман;София
02693;с.;Баня;Разлог;Благоевград
02703;с.;Баня;Несебър;Бургас
02717;с.;Баня;Панагюрище;Пазарджик
02720;гр.;Баня;Карлово;Пловдив
02734;с.;Баня;Нова Загора;Сливен
02748;с.;Бараково;Кочериново;Кюстендил
02751;с.;Бараци;Крумовград;Кърджали
02765;с.;Детелина;Карнобат;Бургас
02779;с.;Барутин;Доспат;Смолян
02782;с.;Горна Арда;Смолян;Смолян
02796;с.;Басарбово;Русе;Русе
02806;с.;Баскалци;Петрич;Благоевград
02810;с.;Бата;Поморие;Бургас
02823;с.;Батак;Павликени;Велико Търново
02837;гр.;Батак;Батак;Пазарджик
02854;с.;Батин;Борово;Русе
02868;с.;Батишница;Две могили;Русе
02871;с.;Батово;Добрич-селска;Добрич
02885;с.;Батошево;Севлиево;Габрово
02899;с.;Батулия;Своге;София
02909;с.;Батулци;Ябланица;Ловеч
02912;с.;Баурене;Криводол;Враца
02926;с.;Бахалин;Сливница;София
02935;с.;Баховица;Ловеч;Ловеч
02943;с.;Бахреци;Трявна;Габрово
02957;с.;Бацова махала;Никопол;Плевен
02960;с.;Бачево;Разлог;Благоевград
02974;с.;Бачково;Асеновград;Пловдив
02988;с.;Букаците;Смолян;Смолян
02991;с.;Башево;Ардино;Кърджали
03006;с.;Бащино;Кърджали;Кърджали
03017;с.;Бащино;Главиница;Силистра
03023;с.;Бащино;Опан;Стара Загора
03037;с.;Баячево;Търговище;Търговище
03040;с.;Бдинци;Добрич-селска;Добрич
03054;с.;Беброво;Елена;Велико Търново
03068;с.;Беглеж;Плевен;Плевен
03085;с.;Бегово;Калояново;Пловдив
03099;с.;Бегуновци;Брезник;Перник
03109;с.;Бегунци;Карлово;Пловдив
03112;с.;Беден;Девин;Смолян
03126;с.;Беджене;Нови пазар;Шумен
03143;с.;Бежаново;Луковит;Ловеч
03157;с.;Бежаново;Генерал Тошево;Добрич
03174;с.;Безводица;Балчик;Добрич
03188;с.;Безводно;Черноочене;Кърджали
03191;с.;Безден;Костинброд;София
03201;с.;Безденица;Монтана;Монтана
03215;с.;Безмер;Тервел;Добрич
03229;с.;Безмер;Тунджа;Ямбол
03232;с.;Бейковци;Елена;Велико Търново
03246;с.;Бекриите;Габрово;Габрово
03258;с.;Каменец;Момчилград;Кърджали
03263;с.;Бела;Димово;Видин
03277;с.;Беланица;Радомир;Перник
03280;с.;Бела Рада;Видин;Видин
03294;с.;Беласица;Петрич;Благоевград
03304;с.;Белащица;Родопи;Пловдив
03318;с.;Белгун;Каварна;Добрич
03321;с.;Белев дол;Смолян;Смолян
03335;с.;Белевехчево;Сандански;Благоевград
03349;с.;Белеврен;Средец;Бургас
03366;гр.;Белене;Белене;Плевен
03373;с.;Беленци;Луковит;Ловеч
03383;с.;Бели брег;Бойчиновци;Монтана
03397;с.;Бели брод;Бойчиновци;Монтана
03407;с.;Бели бряг;Раднево;Стара Загора
03410;с.;Бели вир;Черноочене;Кърджали
03424;с.;Бели дол;Ивайловград;Хасково
03438;с.;Бели извор;Враца;Враца
03441;с.;Бели Искър;Самоков;София
03455;с.;Белила;Средец;Бургас
03469;с.;Белимел;Чипровци;Монтана
03472;с.;Белинци;Исперих;Разград
03486;с.;Бели Осъм;Троян;Ловеч
03499;с.;Бели пласт;Кърджали;Кърджали
03504;гр.;Белица;Белица;Благоевград
03513;с.;Белица;Трявна;Габрово
03527;с.;Белица;Тутракан;Силистра
03530;с.;Белица;Лъки;Пловдив
03544;с.;Белица;Любимец;Хасково
03558;с.;Белиш;Троян;Ловеч
03561;с.;Бел камен;Якоруда;Благоевград
03575;с.;Беловец;Кубрат;Разград
03589;с.;Беловица;Хисаря;Пловдив
03592;гр.;Белово;Белово;Пазарджик
03602;с.;Белоградец;Ветрино;Варна
03616;гр.;Белоградчик;Белоградчик;Видин
03620;с.;Белозем;Раковски;Пловдив
03633;с.;Белокопитово;Шумен;Шумен
03647;с.;Беломорци;Омуртаг;Търговище
03650;с.;Беломъжите;Габрово;Габрово
03664;с.;Бело поле;Благоевград;Благоевград
03678;с.;Бело поле;Ружинци;Видин
03681;с.;Белополци;Ивайловград;Хасково
03695;с.;Белополяне;Ивайловград;Хасково
03705;с.;Белопопци;Горна Малина;София
03719;гр.;Белослав;Белослав;Варна
03722;с.;Белотинци;Монтана;Монтана
03736;с.;Долно Белотинци;Монтана;Монтана
03745;с.;Белцов;Ценово;Русе
03753;с.;Белчевци;Велико Търново;Велико Търново
03767;с.;Белчин;Самоков;София
03770;с.;Белчински бани;Самоков;София
03784;с.;Бельово;Сандански;Благоевград
03798;с.;Беляковец;Велико Търново;Велико Търново
03808;с.;Беляново;Ценово;Русе
03811;с.;Бенковски;Аврен;Варна
03825;с.;Бенковски;Кирково;Кърджали
03839;с.;Бенковски;Марица;Пловдив
03842;с.;Бенковски;Мирково;София
03856;с.;Бенковски;Стара Загора;Стара Загора
03860;с.;Бенковски;Добрич-селска;Добрич
03873;с.;Берайнци;Трън;Перник
03887;с.;Беренде;Земен;Перник
03890;с.;Беренде;Драгоман;София
03900;с.;Беренде извор;Драгоман;София
03914;с.;Бериево;Севлиево;Габрово
03928;гр.;Берковица;Берковица;Монтана
03931;с.;Берковски;Попово;Търговище
03945;с.;Берковци;Елена;Велико Търново
03959;с.;Бероново;Сунгурларе;Бургас
03962;с.;Берсин;Кюстендил;Кюстендил
03976;с.;Беслен;Хаджидимово;Благоевград
03986;с.;Беснурка;Черноочене;Кърджали
03993;с.;Биволаре;Долна Митрополия;Плевен
04008;с.;Биволяне;Момчилград;Кърджали
04011;с.;Бижовци;Велико Търново;Велико Търново
04025;с.;Бижовци;Трявна;Габрово
04039;с.;Биково;Сливен;Сливен
04042;с.;Билинци;Брезник;Перник
04056;с.;Билка;Руен;Бургас
04068;с.;Билкини;Дряново;Габрово
04090;с.;Било;Каварна;Добрич
04100;с.;Билянска;Смолян;Смолян
04114;с.;Бинкос;Сливен;Сливен
04128;с.;Бисер;Харманли;Хасково
04131;с.;Бисерци;Кубрат;Разград
04145;с.;Бистра;Алфатар;Силистра
04159;с.;Бистра;Търговище;Търговище
04162;с.;Бистренци;Бяла;Русе
04176;с.;Бистрец;Средец;Бургас
04193;с.;Бистрец;Крушари;Добрич
04203;с.;Бистрилица;Берковица;Монтана
04217;с.;Бистрица;Благоевград;Благоевград
04220;с.;Бистрица;Дупница;Кюстендил
04234;с.;Бистрица;Столична;София (столица)
04248;с.;Бистроглед;Ардино;Кърджали
04251;с.;Благово;Монтана;Монтана
04265;с.;Благово;Шумен;Шумен
04279;гр.;Благоевград;Благоевград;Благоевград
04282;с.;Благоево;Стражица;Велико Търново
04296;с.;Благоево;Разград;Разград
04306;с.;Благун;Крумовград;Кърджали
04314;с.;Блажиево;Бобошево;Кюстендил
04323;с.;Блатец;Кюстендил;Кюстендил
04337;с.;Блатец;Сливен;Сливен
04340;с.;Блатешница;Земен;Перник
04354;с.;Блатино;Дупница;Кюстендил
04368;с.;Блатница;Стрелча;Пазарджик
04371;с.;Блато;Бобов дол;Кюстендил
04399;с.;Блатска;Хаджидимово;Благоевград
04409;с.;Бленика;Кърджали;Кърджали
04412;с.;Близнак;Малко Търново;Бургас
04426;с.;Близнаци;Аврен;Варна
04430;с.;Близнаци;Хитрино;Шумен
04443;с.;Близнец;Твърдица;Сливен
04457;с.;Блъсково;Провадия;Варна
04460;с.;Блъсковци;Елена;Велико Търново
04474;с.;Боазът;Севлиево;Габрово
04488;с.;Бобевци;Габрово;Габрово
04491;с.;Бобешино;Кюстендил;Кюстендил
04501;гр.;Бобов дол;Бобов дол;Кюстендил
04515;с.;Бобовец;Балчик;Добрич
04529;с.;Бобораци;Радомир;Перник
04532;гр.;Бобошево;Бобошево;Кюстендил
04546;с.;Бов;Своге;София
04555;с.;Богатово;Севлиево;Габрово
04563;с.;Богдан;Карлово;Пловдив
04580;с.;Богдан;Добрич-селска;Добрич
04594;с.;Богданица;Садово;Пловдив
04604;с.;Богданлия;Елин Пелин;София
04618;с.;Богданов дол;Перник;Перник
04621;с.;Богданово;Средец;Бургас
04635;с.;Богданово;Нова Загора;Сливен
04649;с.;Богдановци;Ихтиман;София
04652;с.;Богданско;Елена;Велико Търново
04666;с.;Богданци;Самуил;Разград
04670;с.;Богданци;Главиница;Силистра
04683;с.;Богданчовци;Габрово;Габрово
04697;с.;Богойна;Трън;Перник
04707;с.;Боголин;Сатовча;Благоевград
04724;с.;Богомил;Харманли;Хасково
04738;с.;Богомилово;Стара Загора;Стара Загора
04741;с.;Богомилци;Самуил;Разград
04755;с.;Богомолско;Антоново;Търговище
04772;с.;Богорово;Силистра;Силистра
04786;с.;Богорово;Стралджа;Ямбол
04796;с.;Богослов;Кюстендил;Кюстендил
04801;с.;Богутево;Чепеларе;Смолян
04813;с.;Богьовци;Костинброд;София
04827;с.;Боденец;Мездра;Враца
04830;с.;Стамболово;Ихтиман;София
04844;с.;Бодрово;Димитровград;Хасково
04861;с.;Боево;Рудозем;Смолян
04892;с.;Боерица;Ихтиман;София
04902;с.;Божак;Кърджали;Кърджали
04916;с.;Божан;Тервел;Добрич
04927;с.;Божаново;Шабла;Добрич
04933;с.;Бождово;Сандански;Благоевград
04947;с.;Божевци;Сливен;Сливен
04950;с.;Боженица;Ботевград;София
04964;с.;Боженците;Габрово;Габрово
04981;с.;Божичен;Иваново;Русе
05009;с.;Божурец;Каварна;Добрич
05013;с.;Божурица;Долна Митрополия;Плевен
05027;гр.;Божурище;Божурище;София
05030;с.;Божурка;Търговище;Търговище
05044;с.;Божурлук;Левски;Плевен
05058;с.;Божурово;Кубрат;Разград
05061;с.;Божурово;Добрич-селска;Добрич
05075;с.;Божурово;Върбица;Шумен
05089;с.;Божурци;Черноочене;Кърджали
05092;с.;Бозаджии;Сливен;Сливен
05102;с.;Бозвелийско;Провадия;Варна
05124;с.;Боил;Дулово;Силистра
05133;с.;Лом Черковна;Бяла;Русе
05147;с.;Бойковец;Етрополе;София
05150;с.;Бойково;Родопи;Пловдив
05164;с.;Бойковци;Елена;Велико Търново
05181;с.;Бойник;Крумовград;Кърджали
05195;с.;Бойница;Бойница;Видин
05205;с.;Бойно;Кърджали;Кърджали
05219;с.;Бойновци;Габрово;Габрово
05222;с.;Бойчеви колиби;Велико Търново;Велико Търново
05236;гр.;Бойчиновци;Бойчиновци;Монтана
05240;с.;Бойчовци;Велико Търново;Велико Търново
05253;с.;Бокиловци;Берковица;Монтана
05267;с.;Болтата;Габрово;Габрово
05270;с.;Болярино;Раковски;Пловдив
05284;гр.;Болярово;Болярово;Ямбол
05298;с.;Болярски извор;Харманли;Хасково
05308;с.;Болярско;Тунджа;Ямбол
05311;с.;Болярци;Аврен;Варна
05325;с.;Болярци;Кърджали;Кърджали
05339;с.;Болярци;Садово;Пловдив
05342;с.;Бонево;Тервел;Добрич
05356;с.;Борец;Брезово;Пловдив
05365;с.;Борие;Рудозем;Смолян
05387;с.;Борика;Мадан;Смолян
05390;с.;Борика;Ихтиман;София
05400;с.;Борики;Габрово;Габрово
05414;с.;Бориково;Смолян;Смолян
05428;с.;Бориловец;Бойница;Видин
05431;с.;Борилово;Стара Загора;Стара Загора
05445;с.;Борима;Троян;Ловеч
05459;с.;Боримечково;Лесичово;Пазарджик
05462;с.;Борино;Борино;Смолян
05476;с.;Бориново;Мадан;Смолян
05480;с.;Боринци;Котел;Сливен
05493;с.;Борислав;Пордим;Плевен
05503;с.;Бориславци;Маджарово;Хасково
05517;с.;Борисово;Сливо поле;Русе
05520;с.;Борисово;Елхово;Ямбол
05534;с.;Борнарево;Радомир;Перник
05548;с.;Борован;Борован;Враца
05551;с.;Боров дол;Твърдица;Сливен
05565;с.;Боровец;Кочериново;Кюстендил
05579;с.;Боровина;Мадан;Смолян
05582;с.;Боровица;Белоградчик;Видин
05596;с.;Боровичене;Петрич;Благоевград
05606;с.;Борово;Гоце Делчев;Благоевград
05611;гр.;Борово;Борово;Русе
05623;с.;Борово;Лъки;Пловдив
05637;с.;Борово;Стара Загора;Стара Загора
05640;с.;Боровско;Черноочене;Кърджали
05654;с.;Боровци;Берковица;Монтана
05668;с.;Борското;Габрово;Габрово
05671;с.;Борущица;Мъглиж;Стара Загора
05685;с.;Борци;Венец;Шумен
05699;с.;Боряна;Дългопол;Варна
05709;с.;Босевци;Елена;Велико Търново
05712;с.;Босилица;Черноочене;Кърджали
05726;с.;Босилково;Сунгурларе;Бургас
05737;с.;Босилково;Баните;Смолян
05743;с.;Босилковци;Бяла;Русе
05757;с.;Босна;Ситово;Силистра
05760;с.;Боснек;Перник;Перник
05791;с.;Бостанци;Черноочене;Кърджали
05801;с.;Бостина;Смолян;Смолян
05815;гр.;Ботевград;Ботевград;София
05829;с.;Ботево;Аксаково;Варна
05832;с.;Ботево;Видин;Видин
05846;с.;Ботево;Хайредин;Враца
05852;с.;Ботево;Вълчедръм;Монтана
05863;с.;Ботево;Тунджа;Ямбол
05877;с.;Ботров;Бяла;Русе
05894;с.;Ботуня;Криводол;Враца
05904;с.;Ботурче;Ивайловград;Хасково
05918;с.;Бохова;Трън;Перник
05921;с.;Бохот;Плевен;Плевен
05935;с.;Бочковци;Велико Търново;Велико Търново
05949;с.;Бошуля;Септември;Пазарджик
05952;с.;Бояджик;Тунджа;Ямбол
05966;с.;Боян;Венец;Шумен
05978;с.;Бояна;Вълчи дол;Варна
05983;с.;Боян Ботево;Минерални бани;Хасково
05997;с.;Бояново;Грамада;Видин
06001;с.;Бояново;Елхово;Ямбол
06015;с.;Бояновци;Велико Търново;Велико Търново
06029;с.;Боянци;Асеновград;Пловдив
06032;с.;Брадвари;Силистра;Силистра
06046;с.;Бракница;Попово;Търговище
06050;с.;Бракьовци;Годеч;София
06077;с.;Браниполе;Родопи;Пловдив
06080;с.;Браница;Харманли;Хасково
06094;с.;Браничево;Каолиново;Шумен
06104;с.;Бранище;Добрич-селска;Добрич
06118;с.;Бранковци;Велико Търново;Велико Търново
06121;с.;Бранковци;Грамада;Видин
06135;с.;Братан;Котел;Сливен
06149;с.;Братаница;Пазарджик;Пазарджик
06152;с.;Братово;Бургас;Бургас
06166;с.;Братово;Търговище;Търговище
06175;с.;Братушково;Сливница;София
06183;с.;Братя Даскалови;Братя Даскалови;Стара Загора
06197;с.;Братя Кунчеви;Стара Загора;Стара Загора
06207;гр.;Брацигово;Брацигово;Пазарджик
06210;с.;Брегаре;Долна Митрополия;Плевен
06224;гр.;Брегово;Брегово;Видин
06238;с.;Брежани;Симитли;Благоевград
06241;с.;Брежниците;Трявна;Габрово
06255;с.;Бреза;Рудозем;Смолян
06269;с.;Брезе;Девин;Смолян
06272;с.;Брезе;Своге;София
06286;гр.;Брезник;Брезник;Перник
06306;с.;Брезница;Гоце Делчев;Благоевград
06313;с.;Брезнишки извор;Брезник;Перник
06327;с.;Брезовдол;Своге;София
06344;с.;Брезово;Елена;Велико Търново
06361;гр.;Брезово;Брезово;Пловдив
06375;с.;Бреница;Кнежа;Плевен
06389;с.;Бреница;Тутракан;Силистра
06392;с.;Брест;Трекляно;Кюстендил
06402;с.;Брест;Гулянци;Плевен
06416;с.;Брестак;Вълчи дол;Варна
06421;с.;Брестака;Мирково;София
06433;с.;Бресте;Червен бряг;Плевен
06447;с.;Брестник;Родопи;Пловдив
06450;с.;Брестница;Ябланица;Ловеч
06464;с.;Брестница;Тервел;Добрич
06478;с.;Брестова;Гурково;Стара Загора
06481;с.;Брестовене;Завет;Разград
06495;с.;Брестовец;Плевен;Плевен
06505;с.;Брестовица;Родопи;Пловдив
06519;с.;Брестовица;Борово;Русе
06522;с.;Брестово;Симитли;Благоевград
06536;с.;Брестово;Ловеч;Ловеч
06547;с.;Брод;Димитровград;Хасково
06553;с.;Бродилово;Царево;Бургас
06567;с.;Брош;Кърджали;Кърджали
06570;гр.;Брусарци;Брусарци;Монтана
06584;с.;Брусевци;Маджарово;Хасково
06598;с.;Брусен;Мездра;Враца
06608;с.;Брусен;Етрополе;София
06625;с.;Брусино;Ивайловград;Хасково
06639;с.;Брусник;Брезник;Перник
06642;с.;Брънеците;Габрово;Габрово
06662;с.;Бръчковци;Елена;Велико Търново
06673;с.;Бръшлен;Сливо поле;Русе
06687;с.;Бръшлян;Малко Търново;Бургас
06690;с.;Бръшляница;Плевен;Плевен
06700;с.;Бръщен;Доспат;Смолян
06728;с.;Бряговец;Крумовград;Кърджали
06731;с.;Бряговица;Стражица;Велико Търново
06745;с.;Брягово;Първомай;Пловдив
06759;с.;Брягово;Хасково;Хасково
06762;с.;Бряст;Димитровград;Хасково
06776;с.;Брястовец;Бургас;Бургас
06788;с.;Брястово;Нова Загора;Сливен
06793;с.;Брястово;Балчик;Добрич
06803;с.;Брястово;Минерални бани;Хасково
06817;с.;Бубино;Ивайловград;Хасково
06848;с.;Бузовград;Казанлък;Стара Загора
06851;с.;Бузяковци;Ихтиман;София
06865;с.;Буйновица;Венец;Шумен
06879;с.;Буйново;Борино;Смолян
06882;с.;Буйново;Търговище;Търговище
06896;с.;Буйновци;Елена;Велико Търново
06906;с.;Бук;Крумовград;Кърджали
06919;с.;Букак;Антоново;Търговище
06923;с.;Буката;Смолян;Смолян
06937;с.;Букова поляна;Мадан;Смолян
06940;с.;Буковец;Велико Търново;Велико Търново
06954;с.;Буковец;Видин;Видин
06968;с.;Буковец;Бяла Слатина;Враца
06971;с.;Буковец;Брусарци;Монтана
06985;с.;Буковец;Своге;София
06999;с.;Буковлък;Плевен;Плевен
07003;с.;Буково;Гоце Делчев;Благоевград
07017;с.;Буково;Мадан;Смолян
07020;с.;Букоровци;Годеч;София
07034;с.;Булаир;Долни чифлик;Варна
07048;с.;Буново;Кюстендил;Кюстендил
07051;с.;Буново;Мирково;София
07065;с.;Бураново;Кочериново;Кюстендил
07079;гр.;Бургас;Бургас;Бургас
07082;с.;Буря;Севлиево;Габрово
07096;с.;Бусинци;Трън;Перник
07106;с.;Бусманци;Столична;София (столица)
07116;с.;Бутан;Козлодуй;Враца
07123;с.;Бутово;Павликени;Велико Търново
07137;с.;Бутроинци;Трън;Перник
07140;гр.;Бухово;Столична;София (столица)
07154;с.;Буховци;Търговище;Търговище
07168;с.;Бучино;Благоевград;Благоевград
07171;с.;Бучин проход;Костинброд;София
07185;с.;Бучуковци;Дряново;Габрово
07199;с.;Бъдеще;Стара Загора;Стара Загора
07209;с.;Бъзовец;Вълчедръм;Монтана
07212;с.;Бъзовец;Две могили;Русе
07226;с.;Бъзовица;Трекляно;Кюстендил
07231;с.;Бъзън;Русе;Русе
07243;с.;Българаново;Омуртаг;Търговище
07257;с.;Българево;Каварна;Добрич
07260;с.;Българене;Ловеч;Ловеч
07274;с.;Българене;Левски;Плевен
07288;с.;Българене;Раднево;Стара Загора
07291;с.;Българи;Царево;Бургас
07315;с.;Българин;Харманли;Хасково
07329;с.;Българка;Силистра;Силистра
07332;гр.;Българово;Бургас;Бургас
07346;с.;Българска поляна;Тополовград;Хасково
07357;с.;Български извор;Тетевен;Ловеч
07363;с.;Българско Сливово;Свищов;Велико Търново
07377;с.;Българчево;Благоевград;Благоевград
07380;с.;Бънзарето;Мъглиж;Стара Загора
07394;с.;Бърдарево;Долни чифлик;Варна
07404;с.;Бърдарите;Трявна;Габрово
07418;с.;Бърдарски геран;Бяла Слатина;Враца
07421;с.;Бърдени;Трявна;Габрово
07435;с.;Бърдо;Ихтиман;София
07452;с.;Бърдоква;Исперих;Разград
07472;с.;Бърза река;Черноочене;Кърджали
07497;с.;Бързина;Хайредин;Враца
07507;с.;Бързица;Провадия;Варна
07510;с.;Бързия;Берковица;Монтана
07524;с.;Бъркач;Долни Дъбник;Плевен
07538;с.;Бъркачево;Бяла Слатина;Враца
07541;с.;Бърложница;Сливница;София
07555;с.;Бърля;Годеч;София
07569;с.;Бърчево;Рудозем;Смолян
07572;с.;Бъта;Панагюрище;Пазарджик
07586;с.;Бяга;Брацигово;Пазарджик
07598;гр.;Бяла;Бяла;Варна
07603;гр.;Бяла;Бяла;Русе
07613;с.;Бяла;Сливен;Сливен
07627;с.;Бяла вода;Малко Търново;Бургас
07630;с.;Бяла вода;Белене;Плевен
07644;с.;Бяла паланка;Твърдица;Сливен
07658;с.;Бяла поляна;Кърджали;Кърджали
07661;с.;Бяла река;Сухиндол;Велико Търново
07675;с.;Бяла река;Първомай;Пловдив
07689;с.;Бяла река;Рудозем;Смолян
07692;с.;Бяла река;Върбица;Шумен
07702;гр.;Бяла Слатина;Бяла Слатина;Враца
07716;гр.;Бяла черква;Павликени;Велико Търново
07729;с.;Бял бряг;Смядово;Шумен
07733;с.;Бялградец;Ивайловград;Хасково
07747;с.;Бял извор;Ардино;Кърджали
07750;с.;Бял извор;Опан;Стара Загора
07764;с.;Бялка;Кърджали;Кърджали
07778;с.;Бял кладенец;Нова Загора;Сливен
07781;с.;Бял кладенец;Стамболово;Хасково
07795;с.;Бялково;Габрово;Габрово
07805;с.;Бялковци;Елена;Велико Търново
07819;с.;Бяло поле;Опан;Стара Загора
07822;с.;Бунцево;Якоруда;Благоевград
07836;с.;Биркова;Велинград;Пазарджик
07853;с.;Бозьова;Велинград;Пазарджик
07867;с.;Бутрева;Велинград;Пазарджик
07870;с.;Бор;Асеновград;Пловдив
07884;с.;Бабинци;Тетевен;Ловеч
07908;с.;Бойчета;Габрово;Габрово
07911;с.;Бурево;Неделино;Смолян
07925;с.;Богатино;Ардино;Кърджали
07939;с.;Брежана;Джебел;Кърджали
07942;с.;Брегово;Кирково;Кърджали
07960;с.;Белица;Ихтиман;София
10015;с.;Вазово;Исперих;Разград
10029;с.;Вакарел;Ихтиман;София
10032;с.;Ваклино;Шабла;Добрич
10046;с.;Ваклиново;Сатовча;Благоевград
10050;с.;Ваксево;Невестино;Кюстендил
10063;с.;Валето;Елена;Велико Търново
10080;с.;Варана;Левски;Плевен
10094;с.;Варвара;Царево;Бургас
10104;с.;Варвара;Септември;Пазарджик
10118;с.;Вардим;Свищов;Велико Търново
10121;с.;Вардун;Търговище;Търговище
10135;гр.;Варна;Варна;Варна
10149;с.;Варненци;Тутракан;Силистра
10152;с.;Варник;Свиленград;Хасково
10166;с.;Варовник;Средец;Бургас
10176;с.;Васил Друмев;Шумен;Шумен
10183;с.;Василево;Генерал Тошево;Добрич
10207;с.;Васил Левски;Карлово;Пловдив
10210;с.;Васил Левски;Алфатар;Силистра
10224;с.;Васил Левски;Опан;Стара Загора
10238;с.;Васил Левски;Търговище;Търговище
10255;с.;Василовци;Брусарци;Монтана
10269;с.;Василовци;Драгоман;София
10272;с.;Васильово;Тетевен;Ловеч
10286;с.;Васково;Любимец;Хасково
10291;с.;Ведраре;Карлово;Пловдив
10307;с.;Ведрина;Добрич-селска;Добрич
10313;с.;Ведрово;Сунгурларе;Бургас
10327;с.;Везенково;Сунгурларе;Бургас
10330;с.;Векилски;Никола Козлево;Шумен
10344;с.;Веленци;Трявна;Габрово
10358;с.;Велешани;Кърджали;Кърджали
10361;с.;Велика;Царево;Бургас
10375;с.;Великан;Димитровград;Хасково
10389;с.;Великденче;Джебел;Кърджали
10392;с.;Великденче;Омуртаг;Търговище
10416;с.;Великово;Гълъбово;Стара Загора
10422;с.;Великово;Генерал Тошево;Добрич
10433;с.;Великовци;Антоново;Търговище
10447;гр.;Велико Търново;Велико Търново;Велико Търново
10450;гр.;Велинград;Велинград;Пазарджик
10464;с.;Велино;Шумен;Шумен
10478;с.;Велиново;Трън;Перник
10481;с.;Величка;Омуртаг;Търговище
10495;с.;Величково;Дългопол;Варна
10505;с.;Величково;Пазарджик;Пазарджик
10519;с.;Велково;Трявна;Габрово
10522;с.;Велковци;Елена;Велико Търново
10536;с.;Велковци;Габрово;Габрово
10548;с.;Велковци;Брезник;Перник
10553;с.;Велчево;Велико Търново;Велико Търново
10567;с.;Велчево;Априлци;Ловеч
10570;с.;Велчовци;Трявна;Габрово
10584;с.;Вельово;Антоново;Търговище
10598;с.;Велювци;Елена;Велико Търново
10608;с.;Велющец;Струмяни;Благоевград
10611;с.;Венелин;Долни чифлик;Варна
10625;с.;Венец;Карнобат;Бургас
10639;с.;Венец;Опан;Стара Загора
10642;с.;Венец;Венец;Шумен
10656;с.;Венковец;Ихтиман;София
10663;с.;Венчан;Провадия;Варна
10673;с.;Верен;Братя Даскалови;Стара Загора
10687;с.;Веренци;Омуртаг;Търговище
10690;с.;Веринско;Ихтиман;София
10700;с.;Верско;Черноочене;Кърджали
10714;с.;Веселец;Завет;Разград
10728;с.;Веселец;Омуртаг;Търговище
10731;с.;Веселие;Приморско;Бургас
10745;с.;Веселина;Елена;Велико Търново
10759;с.;Веселина;Лозница;Разград
10762;с.;Веселиново;Смядово;Шумен
10776;с.;Веселиново;Тунджа;Ямбол
10789;с.;Веслец;Враца;Враца
10803;гр.;Ветово;Ветово;Русе
10817;с.;Ветрен;Невестино;Кюстендил
10820;гр.;Ветрен;Септември;Пазарджик
10834;с.;Ветрен;Силистра;Силистра
10848;с.;Ветрен;Мъглиж;Стара Загора
10851;с.;Ветрен дол;Септември;Пазарджик
10865;с.;Ветрино;Ветрино;Варна
10879;с.;Ветринци;Велико Търново;Велико Търново
10882;с.;Ветрище;Шумен;Шумен
10896;с.;Ветрово;Габрово;Габрово
10906;с.;Ветрушка;Ивайловград;Хасково
10910;с.;Вехтино;Мадан;Смолян
10923;с.;Вехтово;Шумен;Шумен
10937;с.;Вещица;Белоградчик;Видин
10954;с.;Виден;Павел баня;Стара Загора
10971;гр.;Видин;Видин;Видин
10985;с.;Видинци;Тунджа;Ямбол
10999;с.;Видлица;Георги Дамяново;Монтана
11003;с.;Видно;Каварна;Добрич
11017;с.;Видрар;Трън;Перник
11020;с.;Видраре;Правец;София
11034;с.;Видрица;Брезник;Перник
11048;с.;Виево;Смолян;Смолян
11051;с.;Визица;Малко Търново;Бургас
11065;с.;Виларе;Велико Търново;Велико Търново
11079;с.;Винарово;Ново село;Видин
11082;с.;Винарово;Чирпан;Стара Загора
11096;с.;Винарско;Камено;Бургас
11106;с.;Винево;Минерални бани;Хасково
11123;с.;Виница;Първомай;Пловдив
11137;с.;Винище;Монтана;Монтана
11140;с.;Виноград;Стражица;Велико Търново
11154;с.;Виноградец;Септември;Пазарджик
11168;с.;Виногради;Сандански;Благоевград
11171;с.;Вирове;Монтана;Монтана
11185;с.;Вировско;Враца;Враца
11199;с.;Вис;Ивайловград;Хасково
11209;с.;Вискяр;Перник;Перник
11212;с.;Висок;Омуртаг;Търговище
11226;с.;Висока;Кърджали;Кърджали
11232;с.;Висока могила;Бобошево;Кюстендил
11243;с.;Висока поляна;Кърджали;Кърджали
11257;с.;Висока поляна;Хитрино;Шумен
11260;с.;Високите;Мадан;Смолян
11274;с.;Високовци;Елена;Велико Търново
11288;с.;Витановци;Перник;Перник
11301;с.;Витина;Рудозем;Смолян
11315;с.;Вихрен;Сандански;Благоевград
11329;с.;Вичово;Генерал Тошево;Добрич
11332;с.;Вишан;Драгоман;София
11346;с.;Вишеград;Кърджали;Кърджали
11358;с.;Вишлене;Петрич;Благоевград
11363;с.;Вишна;Руен;Бургас
11377;с.;Вишнево;Баните;Смолян
11380;с.;Вишовград;Павликени;Велико Търново
11394;с.;Владая;Столична;София (столица)
11404;с.;Владимир;Радомир;Перник
11418;с.;Владимирово;Бойчиновци;Монтана
11421;с.;Владимирово;Добрич-селска;Добрич
11435;с.;Владимирово;Тополовград;Хасково
11449;с.;Владимировци;Самуил;Разград
11452;с.;Владиня;Ловеч;Ловеч
11466;с.;Владислав;Стражица;Велико Търново
11483;с.;Владиславци;Драгоман;София
11497;с.;Владиченци;Димово;Видин
11507;с.;Владовци;Трявна;Габрово
11510;с.;Владо Тричков;Своге;София
11524;с.;Влайчовци;Габрово;Габрово
11538;гр.;Свети Влас;Несебър;Бургас
11541;с.;Власатили;Трявна;Габрово
11555;с.;Власатица;Враца;Враца
11569;с.;Влахи;Кресна;Благоевград
11572;с.;Влахово;Смолян;Смолян
11586;с.;Влаховци;Габрово;Габрово
11604;с.;Водата;Смолян;Смолян
11613;с.;Водач;Черноочене;Кърджали
11627;с.;Воден;Първомай;Пловдив
11644;с.;Воден;Димитровград;Хасково
11658;с.;Воден;Болярово;Ямбол
11661;с.;Воденичане;Стралджа;Ямбол
11675;с.;Воденичарово;Стара Загора;Стара Загора
11689;с.;Воденичарско;Джебел;Кърджали
11692;с.;Воденци;Стамболово;Хасково
11702;с.;Водица;Аксаково;Варна
11716;с.;Водица;Попово;Търговище
11720;с.;Водна;Грамада;Видин
11733;с.;Водни пад;Девин;Смолян
11750;с.;Водно;Стражица;Велико Търново
11764;с.;Водно;Дулово;Силистра
11778;с.;Воднянци;Димово;Видин
11781;с.;Воднянци;Добрич-селска;Добрич
11795;с.;Водолей;Велико Търново;Велико Търново
11805;с.;Вождово;Черноочене;Кърджали
11819;с.;Войвода;Нови пазар;Шумен
11822;с.;Войводенец;Стамболово;Хасково
11836;с.;Войводино;Вълчи дол;Варна
11845;с.;Войводиново;Марица;Пловдив
11853;с.;Войводово;Мизия;Враца
11867;с.;Войводово;Хасково;Хасково
11870;с.;Войкова лъка;Рудозем;Смолян
11884;с.;Войнеговци;Столична;София (столица)
11898;с.;Войнежа;Велико Търново;Велико Търново
11908;с.;Войника;Стралджа;Ямбол
11911;с.;Войниково;Тервел;Добрич
11925;с.;Войница;Видин;Видин
11939;с.;Войници;Монтана;Монтана
11956;с.;Войниците;Трявна;Габрово
11960;с.;Войнишка;Севлиево;Габрово
11987;с.;Войново;Черноочене;Кърджали
11990;с.;Войново;Кайнарджа;Силистра
12005;с.;Войнягово;Карлово;Пловдив
12019;с.;Войсил;Марица;Пловдив
12022;с.;Вокил;Дулово;Силистра
12036;с.;Волно;Петрич;Благоевград
12042;с.;Воловарово;Чирпан;Стара Загора
12053;с.;Воловарци;Кърджали;Кърджали
12067;с.;Волово;Борово;Русе
12084;с.;Волуяк;Столична;София (столица)
12098;с.;Вонеща вода;Велико Търново;Велико Търново
12108;с.;Врабево;Троян;Ловеч
12111;с.;Врабците;Габрово;Габрово
12139;с.;Врабча;Трън;Перник
12142;с.;Вракуповица;Струмяни;Благоевград
12156;с.;Врани кон;Омуртаг;Търговище
12168;с.;Враниловци;Габрово;Габрово
12173;с.;Вранино;Каварна;Добрич
12187;с.;Вранинци;Мадан;Смолян
12190;с.;Вранско;Крумовград;Кърджали
12200;с.;Враня;Сандански;Благоевград
12214;с.;Враняк;Бяла Слатина;Враца
12228;с.;Враня стена;Земен;Перник
12231;с.;Вратарите;Добрич-селска;Добрич
12245;с.;Вратица;Камено;Бургас
12259;гр.;Враца;Враца;Враца
12262;с.;Врачанци;Добрич-селска;Добрич
12283;с.;Врачеш;Ботевград;София
12293;с.;Врело;Момчилград;Кърджали
12303;с.;Вресово;Руен;Бургас
12317;с.;Връв;Брегово;Видин
12320;с.;Връдловци;Годеч;София
12334;с.;Всемирци;Велинград;Пазарджик
12348;с.;Вукан;Трън;Перник
12351;с.;Вуково;Бобошево;Кюстендил
12365;с.;Въбел;Никопол;Плевен
12382;с.;Въгларово;Хасково;Хасково
12396;с.;Въглевци;Велико Търново;Велико Търново
12406;с.;Въглен;Аксаково;Варна
12414;с.;Въглен;Сливен;Сливен
12423;с.;Възел;Черноочене;Кърджали
12440;с.;Вълкан;Главиница;Силистра
12454;с.;Вълков дол;Габрово;Габрово
12468;с.;Вълкович;Джебел;Кърджали
12471;с.;Вълково;Сандански;Благоевград
12485;с.;Вълковци;Трявна;Габрово
12499;с.;Вълкосел;Сатовча;Благоевград
12509;с.;Вълнари;Никола Козлево;Шумен
12512;с.;Вълчан;Смолян;Смолян
12526;с.;Вълчан дол;Баните;Смолян
12530;с.;Вълча поляна;Елхово;Ямбол
12543;гр.;Вълчедръм;Вълчедръм;Монтана
12557;с.;Вълчек;Макреш;Видин
12560;с.;Вълче поле;Любимец;Хасково
12574;гр.;Вълчи дол;Вълчи дол;Варна
12588;с.;Вълчи извор;Болярово;Ямбол
12591;с.;Вълчин;Сунгурларе;Бургас
12601;с.;Вълчитрън;Пордим;Плевен
12615;с.;Вълчовци;Елена;Велико Търново
12629;с.;Вълчовци;Елена;Велико Търново
12632;с.;Върба;Белоградчик;Видин
12655;с.;Върба;Мадан;Смолян
12663;с.;Върбак;Хитрино;Шумен
12677;с.;Царева ливада;Дряново;Габрово
12680;с.;Върбен;Брезово;Пловдив
12694;с.;Върбенци;Кърджали;Кърджали
12704;с.;Върбешница;Мездра;Враца
12718;с.;Върбина;Мадан;Смолян
12721;с.;Върбино;Дулово;Силистра
12735;с.;Върбица;Горна Оряховица;Велико Търново
12749;с.;Върбица;Враца;Враца
12752;с.;Върбица;Плевен;Плевен
12766;гр.;Върбица;Върбица;Шумен
12770;с.;Върбница;Годеч;София
12783;с.;Върбовка;Павликени;Велико Търново
12797;с.;Върбово;Чупрене;Видин
12807;с.;Върбово;Смолян;Смолян
12810;с.;Върбово;Харманли;Хасково
12824;с.;Върбовчец;Димово;Видин
12838;с.;Върбяне;Каспичан;Шумен
12841;с.;Въргов дол;Мадан;Смолян
12855;с.;Вързилковци;Елена;Велико Търново
12869;с.;Вързулица;Полски Тръмбеш;Велико Търново
12886;с.;Върли дол;Кирково;Кърджали
12896;с.;Върли дол;Неделино;Смолян
12913;с.;Върлинка;Велико Търново;Велико Търново
12927;с.;Върлино;Неделино;Смолян
12958;с.;Въртоп;Видин;Видин
12961;гр.;Вършец;Вършец;Монтана
12975;с.;Вършило;Созопол;Бургас
12989;с.;Враненци;Велинград;Пазарджик
12992;с.;Врата;Асеновград;Пловдив
13055;с.;Вълчанка;Кирково;Кърджали
13069;с.;Валевци;Севлиево;Габрово
14012;с.;Габаре;Бяла Слатина;Враца
14026;с.;Габарево;Павел баня;Стара Загора
14034;с.;Габер;Драгоман;София
14043;с.;Габер;Крушари;Добрич
14057;с.;Габерово;Поморие;Бургас
14060;с.;Габерово;Маджарово;Хасково
14074;с.;Габра;Елин Пелин;София
14088;с.;Габрака;Елена;Велико Търново
14091;с.;Габрене;Петрич;Благоевград
14101;с.;Габрешевци;Трекляно;Кюстендил
14115;с.;Габрина;Мадан;Смолян
14129;с.;Габрица;Смолян;Смолян
14132;с.;Габрица;Венец;Шумен
14146;с.;Габровдол;Земен;Перник
14163;с.;Габровица;Белово;Пазарджик
14180;с.;Габровница;Монтана;Монтана
14194;с.;Габровница;Своге;София
14204;с.;Габрово;Благоевград;Благоевград
14218;гр.;Габрово;Габрово;Габрово
14221;с.;Габрово;Черноочене;Кърджали
14235;с.;Габровци;Велико Търново;Велико Търново
14249;с.;Габър;Созопол;Бургас
14252;с.;Габърница;Ветрино;Варна
14275;с.;Гавраилово;Сливен;Сливен
14283;с.;Гаврил Геново;Георги Дамяново;Монтана
14297;с.;Гаганица;Берковица;Монтана
14307;с.;Гагово;Попово;Търговище
14310;с.;Гайдари;Трявна;Габрово
14324;с.;Гайкини;Габрово;Габрово
14338;с.;Гайтанево;Горна Малина;София
14341;с.;Гайтаниново;Хаджидимово;Благоевград
14355;с.;Гайтаните;Габрово;Габрово
14369;с.;Гайтанци;Видин;Видин
14386;с.;Галата;Тетевен;Ловеч
14390;с.;Галатин;Криводол;Враца
14406;с.;Галиче;Бяла Слатина;Враца
14413;с.;Галище;Мадан;Смолян
14427;с.;Галово;Оряхово;Враца
14430;с.;Ганев дол;Елена;Велико Търново
14458;с.;Ганчовец;Дряново;Габрово
14461;с.;Бов;Своге;София
14475;с.;Лакатник;Своге;София
14489;с.;Орешец;Димово;Видин
14492;гр.;Кресна;Кресна;Благоевград
14516;с.;Хитрино;Хитрино;Шумен
14521;с.;Златарица;Белица;Благоевград
14533;с.;Гарван;Габрово;Габрово
14547;с.;Гарван;Ситово;Силистра
14550;с.;Гарваново;Хасково;Хасково
14578;с.;Гащевци;Велико Търново;Велико Търново
14581;с.;Гега;Петрич;Благоевград
14605;с.;Гела;Смолян;Смолян
14619;с.;Гелеменово;Пазарджик;Пазарджик
14647;с.;Генерал Гешево;Джебел;Кърджали
14653;с.;Генерал Кантарджиево;Аксаково;Варна
14667;с.;Генерал Киселово;Вълчи дол;Варна
14670;с.;Генерал Колево;Вълчи дол;Варна
14684;с.;Генерал Колево;Добрич-селска;Добрич
14698;с.;Генерал Мариново;Видин;Видин
14708;с.;Генералово;Свиленград;Хасково
14711;гр.;Генерал Тошево;Генерал Тошево;Добрич
14725;с.;Генерал Тошево;Тунджа;Ямбол
14742;с.;Геновци;Габрово;Габрово
14756;с.;Генчовци;Габрово;Габрово
14762;с.;Геня;Дряново;Габрово
14773;с.;Георги Дамяново;Георги Дамяново;Монтана
14787;с.;Георги Добрево;Любимец;Хасково
14800;с.;Гергевец;Сливен;Сливен
14814;с.;Гергини;Габрово;Габрово
14831;с.;Герман;Столична;София (столица)
14859;с.;Геша;Дряново;Габрово
14862;с.;Гешаново;Добрич-селска;Добрич
14876;с.;Гиген;Гулянци;Плевен
14888;с.;Искър;Гулянци;Плевен
14893;с.;Гигинци;Брезник;Перник
14903;с.;Гинци;Годеч;София
14917;с.;Гирчевци;Кюстендил;Кюстендил
14920;с.;Гита;Чирпан;Стара Загора
14934;с.;Глава;Червен бряг;Плевен
14948;с.;Главан;Силистра;Силистра
14951;с.;Главан;Гълъбово;Стара Загора
14965;с.;Главановци;Георги Дамяново;Монтана
14979;с.;Главановци;Трън;Перник
14982;с.;Главанци;Тервел;Добрич
14996;с.;Главатар;Калояново;Пловдив
15000;с.;Главатарци;Кърджали;Кърджали
15014;с.;Главаци;Криводол;Враца
15028;с.;Главиница;Пазарджик;Пазарджик
15031;гр.;Главиница;Главиница;Силистра
15045;с.;Глашатай;Антоново;Търговище
15059;с.;Гледаци;Габрово;Габрово
15062;с.;Гледачево;Раднево;Стара Загора
15093;с.;Гледка;Стамболово;Хасково
15103;с.;Глогинка;Попово;Търговище
15117;с.;Глогино;Баните;Смолян
15120;с.;Глоговец;Елена;Велико Търново
15134;с.;Глоговица;Трън;Перник
15148;с.;Глогово;Тетевен;Ловеч
15151;гр.;Глоджево;Ветово;Русе
15165;с.;Гложене;Тетевен;Ловеч
15179;с.;Глумово;Ивайловград;Хасково
15182;с.;Глумче;Карнобат;Бургас
15196;с.;Глутниците;Трявна;Габрово
15206;с.;Глуфишево;Сливен;Сливен
15216;с.;Глухар;Кърджали;Кърджали
15223;с.;Глушка;Дряново;Габрово
15237;с.;Глушник;Сливен;Сливен
15240;с.;Гнездаре;Ивайловград;Хасково
15268;с.;Гняздово;Кърджали;Кърджали
15271;с.;Говедаре;Пазарджик;Пазарджик
15285;с.;Говедарци;Самоков;София
15299;с.;Говежда;Георги Дамяново;Монтана
15309;гр.;Годеч;Годеч;София
15312;с.;Годешево;Сатовча;Благоевград
15326;с.;Годлево;Разлог;Благоевград
15331;с.;Гоз;Брезник;Перник
15343;с.;Гоздевица;Смолян;Смолян
15357;с.;Гоздейка;Дряново;Габрово
15374;с.;Голак;Костенец;София
15391;с.;Големани;Елена;Велико Търново
15401;с.;Големаните;Велико Търново;Велико Търново
15415;с.;Големаново;Кула;Видин
15429;с.;Големанци;Хасково;Хасково
15432;с.;Голема Раковица;Елин Пелин;София
15446;с.;Голема Фуча;Бобов дол;Кюстендил
15457;с.;Голям Върбовник;Бобов дол;Кюстендил
15463;с.;Големи Българени;Дряново;Габрово
15480;с.;Големи Станчовци;Трявна;Габрово
15494;с.;Големо Бабино;Криводол;Враца
15504;с.;Големо Бучино;Перник;Перник
15518;с.;Големо Малово;Драгоман;София
15521;с.;Голямо Пещене;Враца;Враца
15535;с.;Големо село;Бобов дол;Кюстендил
15549;с.;Голем Цалим;Сандански;Благоевград
15552;с.;Голец;Угърчин;Ловеч
15566;с.;Голеш;Кайнарджа;Силистра
15572;с.;Голеш;Годеч;София
15583;с.;Голешово;Сандански;Благоевград
15597;с.;Голица;Долни чифлик;Варна
15607;с.;Голобрад;Ардино;Кърджали
15610;с.;Голобрадово;Стамболово;Хасково
15638;с.;Гълъбово;Белица;Благоевград
15641;с.;Голяма бара;Кърджали;Кърджали
15655;с.;Голяма Брестница;Ябланица;Ловеч
15669;с.;Голяма вода;Самуил;Разград
15698;с.;Голяма долина;Маджарово;Хасково
15703;с.;Голяма Желязна;Троян;Ловеч
15713;с.;Голяма Чинка;Крумовград;Кърджали
15727;с.;Голям Девесил;Крумовград;Кърджали
15730;с.;Голям Дервент;Елхово;Ямбол
15744;с.;Голям дол;Братя Даскалови;Стара Загора
15758;с.;Голям извор;Тетевен;Ловеч
15761;с.;Голям извор;Самуил;Разград
15775;с.;Голям извор;Стамболово;Хасково
15789;с.;Голям манастир;Тунджа;Ямбол
15792;с.;Голямо Асеново;Димитровград;Хасково
15802;с.;Голямо Белово;Белово;Пазарджик
15816;с.;Голямо Буково;Средец;Бургас
15829;с.;Голямо Враново;Сливо поле;Русе
15833;с.;Голямо градище;Опака;Търговище
15850;с.;Голямо Доляне;Антоново;Търговище
15864;с.;Голямо Дряново;Казанлък;Стара Загора
15878;с.;Голямо Каменяне;Крумовград;Кърджали
15881;с.;Голямо Крушево;Болярово;Ямбол
15895;с.;Голямо ново;Търговище;Търговище
15919;с.;Голямо Соколово;Търговище;Търговище
15922;с.;Голямо църквище;Омуртаг;Търговище
15936;с.;Голямо Чочовени;Сливен;Сливен
15944;гр.;Шивачево;Твърдица;Сливен
15953;с.;Голям Поровец;Исперих;Разград
15967;с.;Подгорец;Руен;Бургас
15970;с.;Голям чардак;Съединение;Пловдив
15984;с.;Голяновци;Костинброд;София
15998;с.;Гомотарци;Видин;Видин
16002;с.;Горан;Ловеч;Ловеч
16016;с.;Горановци;Велико Търново;Велико Търново
16026;с.;Горановци;Кюстендил;Кюстендил
16033;с.;Гореме;Струмяни;Благоевград
16047;с.;Горен Еневец;Велико Търново;Велико Търново
16050;с.;Горен чифлик;Долни чифлик;Варна
16064;с.;Горица;Поморие;Бургас
16078;с.;Горица;Бяла;Варна
16081;с.;Горица;Попово;Търговище
16095;с.;Горичане;Шабла;Добрич
16105;с.;Горичево;Кубрат;Разград
16119;с.;Горна Бела речка;Вършец;Монтана
16122;с.;Горна Бешовица;Мездра;Враца
16136;с.;Горна Брезница;Кресна;Благоевград
16141;с.;Горна Брестница;Кюстендил;Кюстендил
16153;с.;Горна Вереница;Монтана;Монтана
16167;с.;Горна Врабча;Земен;Перник
16170;с.;Горна Глоговица;Земен;Перник
16184;с.;Септемврийци;Вълчедръм;Монтана
16198;с.;Горна Гращица;Кюстендил;Кюстендил
16208;с.;Горна Диканя;Радомир;Перник
16211;с.;Горна Златица;Антоново;Търговище
16225;с.;Горна Кабда;Търговище;Търговище
16239;с.;Горна Ковачица;Чипровци;Монтана
16242;с.;Горна Козница;Бобов дол;Кюстендил
16256;с.;Горна Кремена;Мездра;Враца
16267;с.;Горна крепост;Кърджали;Кърджали
16273;с.;Горна Крушица;Струмяни;Благоевград
16287;с.;Горна кула;Крумовград;Кърджали
16290;с.;Горна Липница;Павликени;Велико Търново
16300;с.;Горна Лука;Чипровци;Монтана
16314;с.;Горна Малина;Горна Малина;София
16328;с.;Горна махала;Калояново;Пловдив
16331;с.;Горна Мелна;Трън;Перник
16345;с.;Горна Митрополия;Долна Митрополия;Плевен
16359;гр.;Горна Оряховица;Горна Оряховица;Велико Търново
16362;с.;Горна Рибница;Струмяни;Благоевград
16376;с.;Горна Росица;Севлиево;Габрово
16382;с.;Горна Секирна;Брезник;Перник
16393;с.;Горна Студена;Свищов;Велико Търново
16403;с.;Горна Сушица;Сандански;Благоевград
16417;с.;Горна Хаджийска;Златарица;Велико Търново
16420;с.;Горна Хубавка;Омуртаг;Търговище
16448;с.;Горни Богров;Столична;София (столица)
16451;с.;Горни Вадин;Оряхово;Враца
16479;с.;Горни Върпища;Дряново;Габрово
16496;с.;Горни Главанак;Маджарово;Хасково
16506;с.;Горни Дамяновци;Трявна;Габрово
16513;с.;Горни Домлян;Карлово;Пловдив
16523;с.;Горни Драгойча;Дряново;Габрово
16537;с.;Горни Дъбник;Долни Дъбник;Плевен
16540;с.;Горник;Червен бряг;Плевен
16554;с.;Горни Коритен;Трекляно;Кюстендил
16568;с.;Горни край;Елена;Велико Търново
16571;с.;Горни Лом;Чупрене;Видин
16585;с.;Горни Маренци;Трявна;Габрово
16599;с.;Горни Окол;Самоков;София
16609;с.;Горни Радковци;Трявна;Габрово
16612;с.;Горни Романци;Брезник;Перник
16626;с.;Горни Танчевци;Елена;Велико Търново
16639;с.;Горни Цибър;Вълчедръм;Монтана
16643;с.;Горни Цоневци;Трявна;Габрово
16660;с.;Горни Юруци;Крумовград;Кърджали
16674;с.;Горно Абланово;Борово;Русе
16688;с.;Горно Александрово;Сливен;Сливен
16691;с.;Горно Белево;Братя Даскалови;Стара Загора
16701;с.;Горно Ботево;Стара Загора;Стара Загора
16715;с.;Горнова могила;Габрово;Габрово
16729;с.;Горно Войводино;Хасково;Хасково
16732;с.;Горно вършило;Септември;Пазарджик
16754;с.;Горно Драглище;Разлог;Благоевград
16763;с.;Горно Дряново;Гърмен;Благоевград
16780;с.;Горно Изворово;Казанлък;Стара Загора
16794;с.;Горно Камарци;Горна Малина;София
16804;с.;Горно Кобиле;Трекляно;Кюстендил
16818;с.;Горно Козарево;Омуртаг;Търговище
16821;с.;Горно Къпиново;Кирково;Кърджали
16835;с.;Горно Луково;Ивайловград;Хасково
16849;с.;Горно Новково;Омуртаг;Търговище
16852;с.;Горно ново село;Братя Даскалови;Стара Загора
16866;с.;Горно Озирово;Вършец;Монтана
16870;с.;Горно Осеново;Симитли;Благоевград
16883;с.;Горно Павликене;Ловеч;Ловеч
16897;с.;Горно Пещене;Враца;Враца
16907;с.;Горно поле;Маджарово;Хасково
16910;с.;Горно Прахово;Ардино;Кърджали
16924;с.;Горно Сахране;Павел баня;Стара Загора
16938;с.;Горно село;Драгоман;София
16941;с.;Горноселци;Ивайловград;Хасково
16955;с.;Горнослав;Асеновград;Пловдив
16969;с.;Горно Спанчево;Сандански;Благоевград
16986;с.;Горно трапе;Троян;Ловеч
16995;с.;Горно Уйно;Кюстендил;Кюстендил
17004;с.;Горно Хърсово;Благоевград;Благоевград
17018;с.;Горно Церовене;Монтана;Монтана
17035;с.;Горно Ябълково;Средец;Бургас
17049;с.;Горово;Сунгурларе;Бургас
17052;с.;Горово;Смолян;Смолян
17066;с.;Гороцвет;Лозница;Разград
17077;с.;Горочевци;Трън;Перник
17083;с.;Горска;Елена;Велико Търново
17097;с.;Горска поляна;Болярово;Ямбол
17107;с.;Горски горен Тръмбеш;Горна Оряховица;Велико Търново
17124;с.;Горски долен Тръмбеш;Горна Оряховица;Велико Търново
17138;с.;Горски извор;Кирково;Кърджали
17141;с.;Горски извор;Димитровград;Хасково
17155;с.;Горски Сеновец;Стражица;Велико Търново
17169;с.;Горско;Ивайловград;Хасково
17172;с.;Горско Абланово;Опака;Търговище
17186;с.;Горско Дюлево;Момчилград;Кърджали
17192;с.;Горско Калугерово;Сухиндол;Велико Търново
17208;с.;Горско Косово;Сухиндол;Велико Търново
17213;с.;Горско ново село;Златарица;Велико Търново
17227;с.;Горско Писарево;Златарица;Велико Търново
17230;с.;Горско село;Омуртаг;Търговище
17244;с.;Горско Сливово;Летница;Ловеч
17258;с.;Горталово;Плевен;Плевен
17275;с.;Горун;Шабла;Добрич
17289;с.;Горунака;Етрополе;София
17302;с.;Горчево;Петрич;Благоевград
17316;с.;Горяни;Трявна;Габрово
17323;с.;Господиново;Бяла;Варна
17333;с.;Господиново;Кайнарджа;Силистра
17347;с.;Господинци;Гоце Делчев;Благоевград
17350;с.;Гостилица;Дряново;Габрово
17364;с.;Гостиля;Долна Митрополия;Плевен
17378;с.;Гостиня;Ловеч;Ловеч
17381;с.;Гостун;Банско;Благоевград
17395;гр.;Гоце Делчев;Гоце Делчев;Благоевград
17405;с.;Градево;Симитли;Благоевград
17419;с.;Градежница;Тетевен;Ловеч
17422;с.;Градец;Видин;Видин
17436;с.;Градец;Котел;Сливен
17449;с.;Градец;Костинброд;София
17453;с.;Градешница;Криводол;Враца
17467;с.;Градина;Полски Тръмбеш;Велико Търново
17470;с.;Градина;Долни Дъбник;Плевен
17484;с.;Градина;Първомай;Пловдив
17498;с.;Градина;Лозница;Разград
17508;с.;Градинарово;Провадия;Варна
17511;с.;Градини;Генерал Тошево;Добрич
17542;с.;Градище;Севлиево;Габрово
17556;с.;Градище;Левски;Плевен
17573;с.;Градище;Шумен;Шумен
17587;с.;Градница;Севлиево;Габрово
17590;с.;Градница;Тервел;Добрич
17600;с.;Градско;Сливен;Сливен
17614;с.;Градсковски колиби;Бойница;Видин
17631;с.;Градът;Смолян;Смолян
17645;гр.;Грамада;Грамада;Видин
17659;с.;Грамаде;Дупница;Кюстендил
17676;с.;Грамаде;Рудозем;Смолян
17680;с.;Грамаждано;Кюстендил;Кюстендил
17693;с.;Граматиково;Малко Търново;Бургас
17703;с.;Граматици;Елена;Велико Търново
17717;с.;Гранит;Братя Даскалови;Стара Загора
17720;с.;Гранитец;Средец;Бургас
17734;с.;Гранитово;Белоградчик;Видин
17748;с.;Гранитово;Елхово;Ямбол
17751;с.;Граница;Кюстендил;Кюстендил
17765;с.;Граничак;Белоградчик;Видин
17779;с.;Граничар;Средец;Бургас
17782;с.;Граничар;Шабла;Добрич
17796;с.;Режанци;Брезник;Перник
17806;с.;Граф Игнатиево;Марица;Пловдив
17823;с.;Грашево;Велинград;Пазарджик
17837;с.;Гращица;Смолян;Смолян
17840;с.;Греевци;Антоново;Търговище
17854;с.;Гривица;Плевен;Плевен
17868;с.;Гривка;Крумовград;Кърджали
17871;с.;Гривяк;Кирково;Кърджали
17885;с.;Григорево;Елин Пелин;София
17909;с.;Грозден;Сунгурларе;Бургас
17912;с.;Гроздьово;Долни чифлик;Варна
17943;с.;Громшин;Бойчиновци;Монтана
17957;с.;Грохотно;Девин;Смолян
17960;с.;Боздуганово;Раднево;Стара Загора
17974;гр.;Средец;Средец;Бургас
17988;с.;Груево;Момчилград;Кърджали
17991;с.;Гръблевци;Габрово;Габрово
18006;с.;Грълска падина;Драгоман;София
18018;с.;Грънчарово;Дулово;Силистра
18037;с.;Губеш;Годеч;София
18040;с.;Губислав;Своге;София
18054;с.;Гугутка;Ивайловград;Хасково
18068;с.;Гудевица;Смолян;Смолян
18071;с.;Гулийка;Крумовград;Кърджали
18085;с.;Гулия;Крумовград;Кърджали
18099;гр.;Гулянци;Гулянци;Плевен
18109;с.;Гумощник;Троян;Ловеч
18112;с.;Гурбановци;Кюстендил;Кюстендил
18126;с.;Гургулица;Момчилград;Кърджали
18133;с.;Гургулят;Сливница;София
18143;с.;Гурково;Ботевград;София
18157;гр.;Гурково;Гурково;Стара Загора
18160;с.;Гурково;Балчик;Добрич
18174;с.;Гурмазово;Божурище;София
18188;с.;Гусла;Каолиново;Шумен
18191;с.;Гуслар;Тервел;Добрич
18201;с.;Гуцал;Самоков;София
18215;с.;Гъбене;Габрово;Габрово
18229;с.;Гълъбец;Поморие;Бургас
18232;с.;Гълъбец;Хасково;Хасково
18259;с.;Гълъбинци;Тунджа;Ямбол
18263;с.;Гълъбник;Радомир;Перник
18277;с.;Гълъбово;Куклен;Пловдив
18280;гр.;Гълъбово;Гълъбово;Стара Загора
18294;с.;Гълъбовци;Сливница;София
18304;с.;Гъмзово;Брегово;Видин
18318;с.;Гърбино;Кюстендил;Кюстендил
18321;с.;Гърбище;Ардино;Кърджали
18335;с.;Гърдевци;Елена;Велико Търново
18349;с.;Гърло;Брезник;Перник
18352;с.;Гърляно;Кюстендил;Кюстендил
18366;с.;Гърмен;Гърмен;Благоевград
18374;с.;Гърнати;Неделино;Смолян
18397;с.;Гърня;Дряново;Габрово
18407;с.;Гърчиново;Опака;Търговище
18410;с.;Гъсково;Кърджали;Кърджали
18424;с.;Гьоврен;Девин;Смолян
18455;с.;Гюешево;Кюстендил;Кюстендил
18469;с.;Гюльовца;Несебър;Бургас
18486;с.;Гюргич;Ружинци;Видин
18490;с.;Елин Пелин;Елин Пелин;София
18505;с.;Гложене;Козлодуй;Враца
18513;с.;Горна Биркова;Велинград;Пазарджик
18527;с.;Горна Дъбева;Велинград;Пазарджик
18544;с.;Главник;Ардино;Кърджали
18558;с.;Горно Кирково;Кирково;Кърджали
18561;с.;Горна Василица;Костенец;София
18575;с.;Горица;Генерал Тошево;Добрич
18589;с.;Гецово;Разград;Разград
20027;с.;Давери;Елена;Велико Търново
20033;с.;Давидково;Баните;Смолян
20047;с.;Давидово;Кайнарджа;Силистра
20050;с.;Давидово;Търговище;Търговище
20064;с.;Дагоново;Белица;Благоевград
20078;с.;Даевци;Трявна;Габрово
20081;с.;Дайновци;Елена;Велико Търново
20105;с.;Дамяница;Сандански;Благоевград
20119;с.;Дамяново;Севлиево;Габрово
20153;с.;Даскал-Атанасово;Раднево;Стара Загора
20167;с.;Даскалово;Черноочене;Кърджали
20184;гр.;Две могили;Две могили;Русе
20198;с.;Две тополи;Баните;Смолян
20208;с.;Дворище;Кюстендил;Кюстендил
20211;с.;Дворище;Гурково;Стара Загора
20225;с.;Дебел дял;Габрово;Габрово
20242;гр.;Дебелец;Велико Търново;Велико Търново
20256;с.;Дебели лаг;Радомир;Перник
20268;с.;Дебели рът;Елена;Велико Търново
20273;с.;Дебелт;Средец;Бургас
20287;с.;Дебелцово;Севлиево;Габрово
20290;с.;Дебеляново;Баните;Смолян
20300;с.;Дебнево;Троян;Ловеч
20314;с.;Дебово;Никопол;Плевен
20328;с.;Дебочица;Благоевград;Благоевград
20331;с.;Дебрен;Гърмен;Благоевград
20345;с.;Дебрене;Сандански;Благоевград
20359;с.;Дебрене;Добрич-селска;Добрич
20362;с.;Дебръщица;Пазарджик;Пазарджик
20376;с.;Девене;Враца;Враца
20383;с.;Девенци;Червен бряг;Плевен
20393;с.;Девесилица;Крумовград;Кърджали
20403;с.;Девесилово;Крумовград;Кърджали
20417;с.;Деветак;Карнобат;Бургас
20420;с.;Деветаки;Ловеч;Ловеч
20434;с.;Деветаците;Велико Търново;Велико Търново
20448;с.;Деветинци;Карнобат;Бургас
20465;гр.;Девин;Девин;Смолян
20479;с.;Девино;Антоново;Търговище
20482;гр.;Девня;Девня;Варна
20496;с.;Дедец;Кирково;Кърджали
20506;с.;Дедина;Златарица;Велико Търново
20514;с.;Дединци;Златарица;Велико Търново
20523;с.;Дедово;Родопи;Пловдив
20537;с.;Деков;Белене;Плевен
20540;с.;Делвино;Благоевград;Благоевград
20554;с.;Делвино;Кирково;Кърджали
20568;с.;Делейна;Брегово;Видин
20571;с.;Делова махала;Златарица;Велико Търново
20585;с.;Делчево;Гоце Делчев;Благоевград
20599;с.;Дебелец;Дългопол;Варна
20609;с.;Делчево;Исперих;Разград
20612;с.;Делян;Дупница;Кюстендил
20626;с.;Делян;Божурище;София
20630;с.;Деляновци;Свищов;Велико Търново
20643;с.;Денница;Венец;Шумен
20657;с.;Денница;Болярово;Ямбол
20660;с.;Денчевци;Дряново;Габрово
20674;с.;Дервишка могила;Свиленград;Хасково
20688;с.;Дерманци;Луковит;Ловеч
20701;с.;Детелина;Долни чифлик;Варна
20715;с.;Дечковци;Велико Търново;Велико Търново
20729;с.;Джамузовци;Ихтиман;София
20732;с.;Джанка;Крумовград;Кърджали
20746;гр.;Джебел;Джебел;Кърджали
20755;с.;Джелепско;Момчилград;Кърджали
20763;с.;Джерман;Дупница;Кюстендил
20777;с.;Джерово;Кирково;Кърджали
20780;с.;Джигурово;Сандански;Благоевград
20804;с.;Джинот;Стралджа;Ямбол
20818;с.;Джинчовци;Трън;Перник
20835;с.;Джулюница;Лясковец;Велико Търново
20849;с.;Джулюница;Ценово;Русе
20852;с.;Джумриите;Габрово;Габрово
20883;с.;Джурково;Лъки;Пловдив
20897;с.;Джурово;Правец;София
20907;с.;Джуровци;Дряново;Габрово
20910;с.;Зорница;Сандански;Благоевград
20938;с.;Дибич;Шумен;Шумен
20941;с.;Дива Слатина;Георги Дамяново;Монтана
20969;с.;Дивеци;Габрово;Габрово
20972;с.;Дивля;Земен;Перник
20986;с.;Дивотино;Перник;Перник
20996;с.;Дивчовото;Тетевен;Ловеч
21004;с.;Диманово;Неделино;Смолян
21035;с.;Димиевци;Трявна;Габрово
21049;с.;Димитриево;Чирпан;Стара Загора
21052;гр.;Димитровград;Димитровград;Хасково
21066;с.;Димитровци;Велико Търново;Велико Търново
21078;с.;Димитровче;Свиленград;Хасково
21083;с.;Победа;Добрич-селска;Добрич
21097;гр.;Димово;Димово;Видин
21107;с.;Димово;Смолян;Смолян
21110;с.;Димовци;Велико Търново;Велико Търново
21124;с.;Димовци;Гурково;Стара Загора
21138;с.;Димча;Павликени;Велико Търново
21141;с.;Димчево;Бургас;Бургас
21155;с.;Динево;Хасково;Хасково
21169;с.;Динк;Марица;Пловдив
21172;с.;Динката;Лесичово;Пазарджик
21186;с.;Динковица;Видин;Видин
21193;с.;Динково;Ружинци;Видин
21209;с.;Диня;Раднево;Стара Загора
21213;с.;Дирало;Мадан;Смолян
21227;с.;Дисманица;Севлиево;Габрово
21230;с.;Дичево;Главиница;Силистра
21244;с.;Дичин;Велико Търново;Велико Търново
21258;с.;Длъгнево;Димитровград;Хасково
21261;с.;Длъгня;Дряново;Габрово
21275;с.;Длъжка поляна;Антоново;Търговище
21289;с.;Длъжко;Хитрино;Шумен
21292;с.;Длъхчево-Сабляр;Невестино;Кюстендил
21302;с.;Доборско;Крумовград;Кърджали
21316;с.;Добравица;Своге;София
21324;с.;Добралък;Куклен;Пловдив
21333;с.;Добра поляна;Руен;Бургас
21347;с.;Добрева череша;Рудозем;Смолян
21350;с.;Добрево;Добрич-селска;Добрич
21364;с.;Добревци;Елена;Велико Търново
21378;с.;Добревци;Трявна;Габрово
21381;с.;Добревци;Ябланица;Ловеч
21395;с.;Добрените;Дряново;Габрово
21405;с.;Добри Войниково;Хитрино;Шумен
21419;с.;Добри дол;Аврен;Варна
21422;с.;Добри дол;Трекляно;Кюстендил
21436;с.;Добри дол;Лом;Монтана
21440;с.;Добри дол;Първомай;Пловдив
21453;с.;Добри дял;Лясковец;Велико Търново
21467;с.;Добри лаки;Струмяни;Благоевград
21470;с.;Добрин;Крушари;Добрич
21484;с.;Добрина;Провадия;Варна
21498;гр.;Добринище;Банско;Благоевград
21508;с.;Добриново;Карнобат;Бургас
21511;с.;Добриново;Кърджали;Кърджали
21525;с.;Добринци;Джебел;Кърджали
21539;с.;Добрич;Димитровград;Хасково
21542;с.;Добрич;Елхово;Ямбол
21556;с.;Добровница;Пазарджик;Пазарджик
21565;с.;Доброво;Бобошево;Кюстендил
21587;с.;Доброглед;Аксаково;Варна
21590;с.;Добродан;Троян;Ловеч
21600;с.;Добролево;Борован;Враца
21614;с.;Добромир;Руен;Бургас
21628;с.;Добромирка;Севлиево;Габрово
21631;с.;Добромирци;Кирково;Кърджали
21645;с.;Доброплодно;Ветрино;Варна
21659;с.;Доброселец;Тополовград;Хасково
21662;с.;Доброславци;Столична;София (столица)
21676;с.;Добростан;Асеновград;Пловдив
21680;с.;Добротино;Гоце Делчев;Благоевград
21693;с.;Добротица;Ситово;Силистра
21703;с.;Добротица;Антоново;Търговище
21717;с.;Добротич;Вълчи дол;Варна
21720;с.;Добруджанка;Кайнарджа;Силистра
21734;с.;Добруша;Криводол;Враца
21748;с.;Добърско;Разлог;Благоевград
21751;с.;Добърчин;Своге;София
21779;с.;Доганово;Елин Пелин;София
21782;с.;Дождевица;Кюстендил;Кюстендил
21796;с.;Дойновци;Велико Търново;Велико Търново
21806;с.;Дойранци;Ардино;Кърджали
21811;с.;Дойранци;Каолиново;Шумен
21823;с.;Дойренци;Ловеч;Ловеч
21837;с.;Докатичево;Симитли;Благоевград
21840;с.;Доктор Йосифово;Монтана;Монтана
21854;с.;Докьовци;Трън;Перник
21868;с.;Долен;Сатовча;Благоевград
21871;с.;Долен;Златоград;Смолян
21885;с.;Долене;Петрич;Благоевград
21899;с.;Долен Еневец;Велико Търново;Велико Търново
21909;с.;Долени;Сандански;Благоевград
21912;гр.;Долни чифлик;Долни чифлик;Варна
21926;с.;Долец;Дулово;Силистра
21937;с.;Долец;Попово;Търговище
21943;с.;Долие;Мадан;Смолян
21957;с.;Долина;Добрич-селска;Добрич
21960;с.;Долина;Каолиново;Шумен
21974;с.;Долистово;Бобов дол;Кюстендил
21988;с.;Долище;Аксаково;Варна
21991;с.;Долище;Кърджали;Кърджали
22006;гр.;Долна баня;Долна баня;София
22019;с.;Долна Бела речка;Вършец;Монтана
22023;с.;Долна Бешовица;Роман;Враца
22040;с.;Долна Вереница;Монтана;Монтана
22054;с.;Долна Врабча;Земен;Перник
22068;с.;Долна Градешница;Кресна;Благоевград
22071;с.;Долна Гращица;Кюстендил;Кюстендил
22085;с.;Долна Диканя;Радомир;Перник
22099;с.;Долна Златица;Антоново;Търговище
22109;с.;Долна Кабда;Попово;Търговище
22112;с.;Долна Козница;Невестино;Кюстендил
22126;с.;Долна Кремена;Мездра;Враца
22134;с.;Долна крепост;Кърджали;Кърджали
22143;с.;Долна Крушица;Петрич;Благоевград
22157;с.;Долна кула;Крумовград;Кърджали
22160;с.;Долна Липница;Павликени;Велико Търново
22174;с.;Долна Малина;Горна Малина;София
22191;с.;Долна махала;Калояново;Пловдив
22201;с.;Долна Мелна;Трън;Перник
22215;гр.;Долна Митрополия;Долна Митрополия;Плевен
22229;с.;Долна Невля;Драгоман;София
22232;гр.;Долна Оряховица;Горна Оряховица;Велико Търново
22246;с.;Долна Рибница;Петрич;Благоевград
22250;с.;Долна Рикса;Монтана;Монтана
22263;с.;Долна Секирна;Брезник;Перник
22277;с.;Долна Студена;Ценово;Русе
22280;с.;Долна Хубавка;Омуртаг;Търговище
22304;с.;Долни Богров;Столична;София (столица)
22318;с.;Долни Бошняк;Видин;Видин
22321;с.;Долни Вадин;Оряхово;Враца
22335;с.;Долни Вит;Гулянци;Плевен
22352;с.;Долни Върпища;Дряново;Габрово
22375;с.;Долни Главанак;Маджарово;Хасково
22383;с.;Долни Дамяновци;Велико Търново;Велико Търново
22397;с.;Долни Драгойча;Дряново;Габрово
22407;гр.;Долни Дъбник;Долни Дъбник;Плевен
22410;с.;Долни Коритен;Трекляно;Кюстендил
22424;с.;Долни Лом;Чупрене;Видин
22438;с.;Долни Луковит;Искър;Плевен
22441;с.;Долни Маренци;Трявна;Габрово
22455;с.;Долни Марян;Елена;Велико Търново
22469;с.;Долни Окол;Самоков;София
22472;с.;Долни Пасарел;Столична;София (столица)
22486;с.;Долни Радковци;Трявна;Габрово
22490;с.;Долни Раковец;Радомир;Перник
22506;с.;Долни Романци;Брезник;Перник
22513;с.;Долни Танчевци;Елена;Велико Търново
22527;с.;Долни Томчевци;Трявна;Габрово
22530;с.;Долни Цибър;Вълчедръм;Монтана
22544;с.;Долни Юруци;Крумовград;Кърджали
22558;с.;Долно Абланово;Русе;Русе
22561;с.;Долно Белево;Димитровград;Хасково
22575;с.;Долно Ботево;Стамболово;Хасково
22589;с.;Долно Войводино;Хасково;Хасково
22592;с.;Долно вършило;Септември;Пазарджик
22602;с.;Долно Драглище;Разлог;Благоевград
22616;с.;Долно Дряново;Гърмен;Благоевград
22633;с.;Долно Изворово;Казанлък;Стара Загора
22647;с.;Долно Камарци;Горна Малина;София
22650;с.;Долно Кобиле;Трекляно;Кюстендил
22664;с.;Долно Козарево;Омуртаг;Търговище
22678;с.;Долно Къпиново;Кирково;Кърджали
22681;с.;Левски;Панагюрище;Пазарджик
22695;с.;Долно Линево;Лом;Монтана
22705;с.;Долно Луково;Ивайловград;Хасково
22719;с.;Долно Новково;Омуртаг;Търговище
22722;с.;Долно ново село;Драгоман;София
22736;с.;Долно ново село;Братя Даскалови;Стара Загора
22747;с.;Долно Озирово;Вършец;Монтана
22753;с.;Долно Осеново;Симитли;Благоевград
22767;с.;Паничерево;Гурково;Стара Загора
22770;с.;Долно поле;Стамболово;Хасково
22784;с.;Долно Прахово;Ардино;Кърджали
22798;с.;Долно Ряхово;Главиница;Силистра
22808;с.;Долно Сахране;Павел баня;Стара Загора
22811;с.;Долно село;Кюстендил;Кюстендил
22825;с.;Долноселци;Ивайловград;Хасково
22839;с.;Долнослав;Асеновград;Пловдив
22842;с.;Долно Спанчево;Петрич;Благоевград
22856;с.;Долно Съдиево;Маджарово;Хасково
22862;с.;Долно Уйно;Кюстендил;Кюстендил
22873;с.;Долно Церовене;Якимово;Монтана
22887;с.;Долно Черковище;Стамболово;Хасково
22890;с.;Долно Шивачево;Златарица;Велико Търново
22914;с.;Долно Ябълково;Средец;Бургас
22928;с.;Домище;Кирково;Кърджали
22931;с.;Домлян;Карлово;Пловдив
22945;с.;Дондуково;Брусарци;Монтана
22959;с.;Донино;Габрово;Габрово
22962;с.;Донкино;Трявна;Габрово
22976;с.;Донковци;Елена;Велико Търново
22988;с.;Дончево;Добрич-селска;Добрич
22993;с.;Дончовци;Трявна;Габрово
23008;с.;Дорково;Ракитово;Пазарджик
23011;с.;Доситеево;Харманли;Хасково
23025;гр.;Доспат;Доспат;Смолян
23039;с.;Доспей;Самоков;София
23042;с.;Доча;Дряново;Габрово
23056;с.;Драбишна;Ивайловград;Хасково
23060;с.;Драгана;Угърчин;Ловеч
23073;с.;Драганица;Вършец;Монтана
23087;с.;Драгановец;Търговище;Търговище
23090;с.;Драганово;Бургас;Бургас
23100;с.;Драганово;Горна Оряховица;Велико Търново
23114;с.;Драганово;Черноочене;Кърджали
23128;с.;Драганово;Добрич-селска;Добрич
23131;с.;Драгановци;Елена;Велико Търново
23159;с.;Драгановци;Габрово;Габрово
23162;с.;Драганосковци;Елена;Велико Търново
23176;с.;Драганци;Карнобат;Бургас
23185;с.;Драганчетата;Габрово;Габрово
23193;с.;Драгаш войвода;Никопол;Плевен
23203;с.;Драгиевци;Габрово;Габрово
23217;с.;Драгижево;Лясковец;Велико Търново
23220;с.;Драгийци;Елена;Велико Търново
23234;с.;Драгиново;Велинград;Пазарджик
23251;с.;Драгичево;Перник;Перник
23265;с.;Драгневци;Елена;Велико Търново
23279;с.;Драгневци;Трявна;Габрово
23282;с.;Драговищица;Кюстендил;Кюстендил
23296;с.;Драговищица;Костинброд;София
23306;с.;Драгово;Карнобат;Бургас
23323;с.;Драгодан;Кочериново;Кюстендил
23337;с.;Драгоданово;Сливен;Сливен
23340;с.;Драгоево;Велики Преслав;Шумен
23354;с.;Драгоил;Драгоман;София
23385;с.;Драгойново;Първомай;Пловдив
23399;с.;Драгойчинци;Трекляно;Кюстендил
23409;гр.;Драгоман;Драгоман;София
23412;с.;Драгомани;Габрово;Габрово
23426;с.;Драгомир;Съединение;Пловдив
23431;с.;Драгомирово;Свищов;Велико Търново
23443;с.;Драгомирово;Радомир;Перник
23457;с.;Драгор;Пазарджик;Пазарджик
23474;с.;Драготинци;Сливница;София
23488;с.;Драгуш;Петрич;Благоевград
23491;с.;Драгушиново;Самоков;София
23501;с.;Дражево;Тунджа;Ямбол
23515;с.;Дражинци;Ружинци;Видин
23529;с.;Драка;Средец;Бургас
23532;с.;Драката;Струмяни;Благоевград
23546;с.;Дралфа;Търговище;Търговище
23557;с.;Драма;Тунджа;Ямбол
23563;с.;Дрангово;Петрич;Благоевград
23577;с.;Дрангово;Кирково;Кърджали
23580;с.;Дрангово;Брезово;Пловдив
23594;с.;Драндарите;Трявна;Габрово
23604;с.;Драчево;Средец;Бургас
23618;с.;Драшан;Бяла Слатина;Враца
23621;с.;Драшкова поляна;Априлци;Ловеч
23635;с.;Дреатин;Драгоман;София
23649;с.;Дрен;Радомир;Перник
23652;с.;Дренково;Благоевград;Благоевград
23666;с.;Дренов;Ловеч;Ловеч
23672;с.;Дреновец;Ружинци;Видин
23683;с.;Дреновица;Петрич;Благоевград
23697;с.;Дреново;Петрич;Благоевград
23707;с.;Дреново;Костинброд;София
23710;с.;Дрента;Елена;Велико Търново
23724;с.;Дренци;Венец;Шумен
23738;с.;Дриново;Попово;Търговище
23741;с.;Дрипчево;Харманли;Хасково
23755;с.;Дропла;Руен;Бургас
23769;с.;Дропла;Балчик;Добрич
23786;с.;Дружба;Видин;Видин
23798;с.;Дружево;Своге;София
23803;с.;Дружинци;Кирково;Кърджали
23813;с.;Друмево;Шумен;Шумен
23827;с.;Друмохар;Невестино;Кюстендил
23830;с.;Друмче;Момчилград;Кърджали
23844;с.;Дръмша;Костинброд;София
23858;с.;Дръндар;Суворово;Варна
23875;с.;Дрянка;Баните;Смолян
23889;с.;Дрянковец;Айтос;Бургас
23892;с.;Дрянова глава;Кирково;Кърджали
23902;с.;Дряновец;Разград;Разград
23916;с.;Дряновец;Бяла;Русе
23929;с.;Дряновец;Чепеларе;Смолян
23933;с.;Дряновец;Добрич-селска;Добрич
23947;гр.;Дряново;Дряново;Габрово
23950;с.;Дряново;Лъки;Пловдив
23964;с.;Дряново;Симеоновград;Хасково
23978;с.;Дряново;Тунджа;Ямбол
24000;с.;Дуванлии;Калояново;Пловдив
24013;с.;Капитан Петко войвода;Тополовград;Хасково
24027;с.;Дуковци;Елена;Велико Търново
24030;гр.;Дулово;Дулово;Силистра
24044;с.;Дунавец;Тутракан;Силистра
24058;с.;Дунавци;Велико Търново;Велико Търново
24061;гр.;Дунавци;Видин;Видин
24075;с.;Дунавци;Казанлък;Стара Загора
24089;с.;Дунево;Смолян;Смолян
24092;с.;Бели Лом;Лозница;Разград
24102;с.;Дуранкулак;Шабла;Добрич
24116;с.;Лудогорци;Исперих;Разград
24126;с.;Дуровци;Златарица;Велико Търново
24133;с.;Дурча;Дряново;Габрово
24150;с.;Духовец;Исперих;Разград
24164;с.;Душанци;Пирдоп;София
24178;с.;Душево;Севлиево;Габрово
24181;с.;Душевски колиби;Севлиево;Габрово
24195;с.;Душинково;Джебел;Кърджали
24205;с.;Душинци;Брезник;Перник
24219;с.;Душка;Черноочене;Кърджали
24236;с.;Дъбен;Луковит;Ловеч
24241;с.;Дъбене;Карлово;Пловдив
24253;с.;Дъбник;Поморие;Бургас
24267;с.;Дъбница;Гърмен;Благоевград
24270;с.;Дъбова;Котел;Сливен
24284;с.;Дъбова;Рудозем;Смолян
24298;с.;Дъбова махала;Брусарци;Монтана
24308;с.;Дъбован;Гулянци;Плевен
24311;с.;Дъбовец;Любимец;Хасково
24325;с.;Долна Дъбева;Велинград;Пазарджик
24339;с.;Дъбовик;Генерал Тошево;Добрич
24342;с.;Дъбово;Мъглиж;Стара Загора
24356;с.;Дъбово;Болярово;Ямбол
24367;с.;Дъбрава;Благоевград;Благоевград
24373;с.;Дъбрава;Ловеч;Ловеч
24387;с.;Дъбрава;Балчик;Добрич
24390;с.;Дъбравата;Ябланица;Ловеч
24400;с.;Дъбравино;Аврен;Варна
24414;с.;Дъбравите;Белово;Пазарджик
24428;с.;Дъбравица;Антоново;Търговище
24431;с.;Дъбравка;Белоградчик;Видин
24445;с.;Дъждино;Кърджали;Кърджали
24459;с.;Дъждовник;Крумовград;Кърджали
24462;с.;Дъждовница;Кърджали;Кърджали
24476;с.;Дълбок дол;Троян;Ловеч
24482;с.;Дълбоки;Стара Загора;Стара Загора
24493;с.;Дълбок извор;Първомай;Пловдив
24517;с.;Дълга лука;Трън;Перник
24520;с.;Дългач;Търговище;Търговище
24534;с.;Дълги дел;Георги Дамяново;Монтана
24548;с.;Дълги припек;Златарица;Велико Търново
24551;с.;Дългоделци;Якимово;Монтана
24565;гр.;Дългопол;Дългопол;Варна
24579;с.;Дълго поле;Димово;Видин
24582;с.;Дълго поле;Калояново;Пловдив
24596;с.;Дънгово;Кърджали;Кърджали
24606;с.;Дървари;Трявна;Габрово
24623;с.;Държава;Чирпан;Стара Загора
24637;с.;Държавен;Мъглиж;Стара Загора
24640;с.;Държаница;Димово;Видин
24654;с.;Дърлевци;Елена;Велико Търново
24668;с.;Дърманци;Мездра;Враца
24671;с.;Дъскарите;Трявна;Габрово
24685;с.;Дъскот;Павликени;Велико Търново
24699;с.;Дъскотна;Руен;Бургас
24712;с.;Дюлево;Средец;Бургас
24726;с.;Дюлево;Стрелча;Пазарджик
24739;с.;Дюлино;Бяла;Варна
24743;с.;Дюлица;Кирково;Кърджали
24757;с.;Дюля;Руен;Бургас
24760;с.;Дядово;Нова Загора;Сливен
24774;с.;Дядовско;Черноочене;Кърджали
24788;с.;Дядовци;Ардино;Кърджали
24791;с.;Дяково;Дупница;Кюстендил
24829;с.;Дянково;Разград;Разград
24832;с.;Друган;Радомир;Перник
24854;с.;Думници;Габрово;Габрово
24880;с.;Дедино;Ардино;Кърджали
24894;с.;Долна Василица;Костенец;София
24921;с.;Драгомъж;Исперих;Разград
24935;с.;Дисевица;Плевен;Плевен
24949;с.;Долно Големанци;Хасково;Хасково
24952;с.;Дуня;Неделино;Смолян
24966;с.;Девинци;Момчилград;Кърджали
27019;с.;Евлогиево;Никопол;Плевен
27022;с.;Евренозово;Малко Търново;Бургас
27036;с.;Егрек;Крумовград;Кърджали
27043;с.;Егълница;Ковачевци;Перник
27067;с.;Единаковци;Хитрино;Шумен
27070;с.;Едрево;Николаево;Стара Загора
27084;с.;Ездимирци;Трън;Перник
27108;с.;Езерец;Шабла;Добрич
27111;с.;Езеро;Нова Загора;Сливен
27125;с.;Езерово;Белослав;Варна
27139;с.;Езерово;Първомай;Пловдив
27156;с.;Езерче;Цар Калоян;Разград
27169;с.;Екзарх Антимово;Карнобат;Бургас
27173;с.;Екзарх Йосиф;Борово;Русе
27190;гр.;Елена;Елена;Велико Търново
27200;с.;Елена;Хасково;Хасково
27214;с.;Еленино;Стара Загора;Стара Загора
27228;с.;Еленов дол;Своге;София
27231;с.;Еленово;Благоевград;Благоевград
27245;с.;Еленово;Нова Загора;Сливен
27259;с.;Еленово;Попово;Търговище
27262;с.;Еленска;Смолян;Смолян
27276;с.;Еленците;Дряново;Габрово
27293;с.;Елешница;Разлог;Благоевград
27303;гр.;Елин Пелин;Елин Пелин;София
27317;с.;Елисейна;Мездра;Враца
27320;с.;Еловдол;Земен;Перник
27334;с.;Елов дол;Ботевград;София
27348;с.;Еловица;Георги Дамяново;Монтана
27351;с.;Еловица;Трън;Перник
27365;с.;Елховец;Рудозем;Смолян
27379;с.;Елхово;Стара Загора;Стара Загора
27382;гр.;Елхово;Елхово;Ямбол
27406;с.;Елшица;Панагюрище;Пазарджик
27415;с.;Ельово;Смолян;Смолян
27423;с.;Емен;Велико Търново;Велико Търново
27440;с.;Белодол;Поморие;Бургас
27454;с.;Емона;Несебър;Бургас
27468;с.;Енево;Добрич-селска;Добрич
27471;с.;Енево;Нови пазар;Шумен
27485;с.;Енев рът;Севлиево;Габрово
27499;с.;Енина;Казанлък;Стара Загора
27509;с.;Еница;Кнежа;Плевен
27512;с.;Енчец;Кърджали;Кърджали
27526;с.;Енчовци;Трявна;Габрово
27543;с.;Еньовче;Ардино;Кърджали
27557;с.;Ерден;Бойчиновци;Монтана
27574;с.;Еремия;Невестино;Кюстендил
27588;с.;Ерма река;Златоград;Смолян
27591;с.;Еровете;Кирково;Кърджали
27601;с.;Ерул;Трън;Перник
27615;с.;Есен;Сунгурларе;Бургас
27629;с.;Есеница;Вълчи дол;Варна
27632;гр.;Етрополе;Етрополе;София
27656;с.;Ефрейтор Бакалово;Крушари;Добрич
27663;с.;Ефрем;Маджарово;Хасково
27677;с.;Езерото;Габрово;Габрово
27680;с.;Едрино;Крумовград;Кърджали
29012;с.;Жабляно;Земен;Перник
29026;с.;Жабокрът;Кюстендил;Кюстендил
29035;с.;Жегларци;Тервел;Добрич
29043;с.;Жеглица;Видин;Видин
29060;с.;Жедна;Радомир;Перник
29074;с.;Железари;Ивайловград;Хасково
29091;с.;Железарци;Стражица;Велико Търново
29101;с.;Железино;Ивайловград;Хасково
29115;с.;Железна;Чипровци;Монтана
29129;с.;Железник;Карнобат;Бургас
29132;с.;Железник;Черноочене;Кърджали
29146;с.;Железница;Симитли;Благоевград
29150;с.;Железница;Столична;София (столица)
29163;с.;Желен;Своге;София
29177;с.;Желъд;Смядово;Шумен
29180;с.;Желъдово;Джебел;Кърджали
29194;с.;Желю войвода;Сливен;Сливен
29204;с.;Желява;Столична;София (столица)
29218;с.;Желязковец;Самуил;Разград
29221;с.;Момина църква;Средец;Бургас
29235;с.;Желязно;Марица;Пловдив
29249;с.;Желязово;Камено;Бургас
29252;с.;Женда;Черноочене;Кърджали
29266;с.;Жеравино;Кюстендил;Кюстендил
29283;с.;Жеравна;Котел;Сливен
29297;с.;Жерговец;Гурково;Стара Загора
29310;с.;Жернов;Никопол;Плевен
29324;с.;Живко;Габрово;Габрово
29338;с.;Живково;Ихтиман;София
29341;с.;Живково;Хитрино;Шумен
29372;с.;Жижево;Сатовча;Благоевград
29386;с.;Жиленци;Кюстендил;Кюстендил
29391;с.;Жилино;Нови пазар;Шумен
29407;с.;Жинзифово;Кърджали;Кърджали
29413;с.;Житарник;Кърджали;Кърджали
29430;с.;Житен;Столична;София (столица)
29444;с.;Житен;Генерал Тошево;Добрич
29458;с.;Житница;Провадия;Варна
29461;с.;Житница;Черноочене;Кърджали
29475;с.;Житница;Калояново;Пловдив
29489;с.;Житница;Добрич-селска;Добрич
29492;с.;Житосвят;Карнобат;Бургас
29502;с.;Жребево;Девин;Смолян
29516;с.;Жребино;Елхово;Ямбол
29522;с.;Жребичко;Брацигово;Пазарджик
29533;с.;Жълт бряг;Твърдица;Сливен
29547;с.;Жълтеш;Габрово;Габрово
29550;с.;Жълти бряг;Стамболово;Хасково
29564;с.;Жълти рид;Джебел;Кърджали
29581;с.;Жълт камък;Асеновград;Пловдив
29595;с.;Жълтопоп;Гурково;Стара Загора
29605;с.;Жълтуша;Ардино;Кърджали
29619;с.;Жълтика;Джебел;Кърджали
29622;с.;Житуша;Радомир;Перник
30017;с.;Забел;Трън;Перник
30020;с.;Заберново;Малко Търново;Бургас
30034;с.;Забърдо;Чепеларе;Смолян
30048;с.;Завала;Брезник;Перник
30051;с.;Завет;Сунгурларе;Бургас
30065;гр.;Завет;Завет;Разград
30079;с.;Заветно;Попово;Търговище
30082;с.;Завидовци;Своге;София
30096;с.;Завой;Тунджа;Ямбол
30106;с.;Завоя;Кирково;Кърджали
30119;с.;Загоре;Стара Загора;Стара Загора
30137;с.;Загориче;Каолиново;Шумен
30140;с.;Загорски;Кирково;Кърджали
30154;с.;Загорско;Момчилград;Кърджали
30168;с.;Загорци;Средец;Бургас
30171;с.;Загорци;Нова Загора;Сливен
30185;с.;Загорци;Крушари;Добрич
30199;с.;Загражден;Гулянци;Плевен
30209;с.;Загражден;Баните;Смолян
30212;с.;Задруга;Кубрат;Разград
30226;с.;Заевите;Смолян;Смолян
30234;с.;Заимчево;Руен;Бургас
30243;с.;Зайчар;Руен;Бургас
30257;с.;Зайчари;Сливен;Сливен
30260;с.;Зайчино;Кърджали;Кърджали
30274;с.;Зайчино ореше;Нови пазар;Шумен
30291;с.;Замфир;Лом;Монтана
30301;с.;Замфирово;Берковица;Монтана
30329;с.;Заноге;Своге;София
30332;с.;Зараево;Попово;Търговище
30346;с.;Зарник;Кайнарджа;Силистра
30350;с.;Заселе;Своге;София
30363;с.;Засмяно;Аксаково;Варна
30377;с.;Зафирово;Главиница;Силистра
30380;с.;Могилино;Две могили;Русе
30394;с.;Захари Стояново;Шабла;Добрич
30404;с.;Захари Стояново;Попово;Търговище
30418;с.;Зая;Дряново;Габрово
30421;с.;Звегор;Хитрино;Шумен
30435;с.;Звезда;Руен;Бургас
30449;с.;Звезда;Попово;Търговище
30452;с.;Звездел;Момчилград;Кърджали
30466;с.;Звезделина;Кърджали;Кърджали
30475;с.;Звезден;Кърджали;Кърджали
30483;с.;Звездец;Малко Търново;Бургас
30497;с.;Звездица;Варна;Варна
30507;с.;Звенимир;Главиница;Силистра
30510;с.;Зверино;Мездра;Враца
30524;с.;Звиница;Кърджали;Кърджали
30538;с.;Звънарка;Крумовград;Кърджали
30541;с.;Звънарци;Кубрат;Разград
30555;с.;Звънец;Вълчи дол;Варна
30569;с.;Звъника;Кърджали;Кърджали
30572;с.;Звъничево;Пазарджик;Пазарджик
30586;с.;Звънче;Кърджали;Кърджали
30590;с.;Згалево;Пордим;Плевен
30606;с.;Згориград;Враца;Враца
30613;с.;Згурово;Невестино;Кюстендил
30627;с.;Здравец;Аврен;Варна
30630;с.;Здравец;Самуил;Разград
30644;с.;Здравец;Търговище;Търговище
30658;с.;Здравец;Димитровград;Хасково
30661;с.;Здравковец;Габрово;Габрово
30675;с.;Здравчец;Кирково;Кърджали
30689;с.;Зебил;Главиница;Силистра
30692;с.;Зелена морава;Омуртаг;Търговище
30702;с.;Зелендол;Благоевград;Благоевград
30716;с.;Зелениград;Трън;Перник
30721;с.;Зеленик;Елена;Велико Търново
30733;с.;Зеленика;Трявна;Габрово
30747;с.;Зелениково;Кърджали;Кърджали
30750;с.;Зелениково;Брезово;Пловдив
30764;с.;Зелено дърво;Габрово;Габрово
30778;гр.;Земен;Земен;Перник
30781;с.;Земенци;Крушари;Добрич
30795;с.;Землен;Раднево;Стара Загора
30805;с.;Зетьово;Айтос;Бургас
30819;с.;Зетьово;Чирпан;Стара Загора
30822;с.;Зидарово;Созопол;Бургас
30836;с.;Зидарци;Перник;Перник
30847;с.;Зимевица;Своге;София
30853;с.;Зимен;Карнобат;Бургас
30867;с.;Зимзелен;Кърджали;Кърджали
30870;с.;Зимница;Мъглиж;Стара Загора
30884;с.;Зимница;Крушари;Добрич
30898;с.;Зимница;Стралджа;Ямбол
30908;с.;Зимовина;Стамболово;Хасково
30911;с.;Зиморница;Крумовград;Кърджали
30942;с.;Златар;Велики Преслав;Шумен
30956;с.;Златари;Тунджа;Ямбол
30962;гр.;Златарица;Златарица;Велико Търново
30973;с.;Златевци;Габрово;Габрово
30990;с.;Злати войвода;Сливен;Сливен
31005;с.;Златина;Провадия;Варна
31019;с.;Златиница;Болярово;Ямбол
31022;с.;Златирът;Гурково;Стара Загора
31036;с.;Златитрап;Родопи;Пловдив
31044;гр.;Златица;Златица;София
31053;с.;Златия;Вълчедръм;Монтана
31067;с.;Златия;Добрич-селска;Добрич
31070;с.;Златна ливада;Чирпан;Стара Загора
31084;с.;Златна нива;Каспичан;Шумен
31098;с.;Златна Панега;Ябланица;Ловеч
31108;с.;Златовръх;Асеновград;Пловдив
31111;гр.;Златоград;Златоград;Смолян
31125;с.;Златоклас;Дулово;Силистра
31139;с.;Златолист;Сандански;Благоевград
31142;с.;Златолист;Крумовград;Кърджали
31156;с.;Златополе;Димитровград;Хасково
31160;с.;Златосел;Брезово;Пловдив
31173;с.;Златоустово;Маджарово;Хасково
31187;с.;Златуша;Божурище;София
31190;с.;Злидол;Мездра;Враца
31200;с.;Злогош;Трекляно;Кюстендил
31214;с.;Злокучене;Септември;Пазарджик
31228;с.;Злокучене;Самоков;София
31245;с.;Змеево;Балчик;Добрич
31259;с.;Змеица;Доспат;Смолян
31262;с.;Змейно;Омуртаг;Търговище
31276;с.;Змейово;Стара Загора;Стара Загора
31285;с.;Змиево;Смолян;Смолян
31293;с.;Знаменосец;Раднево;Стара Загора
31303;с.;Зограф;Генерал Тошево;Добрич
31317;с.;Зойчене;Петрич;Благоевград
31334;с.;Зорница;Аксаково;Варна
31348;с.;Зорница;Кърджали;Кърджали
31351;с.;Зорница;Чепеларе;Смолян
31365;с.;Зорница;Хасково;Хасково
31379;с.;Зорница;Средец;Бургас
31396;с.;Зърнево;Тервел;Добрич
31406;с.;Зарица;Главиница;Силистра
31416;с.;Звездица;Омуртаг;Търговище
31423;с.;Здравец;Лъки;Пловдив
31841;с.;Чучур;Смолян;Смолян
32010;с.;Ивайло;Пазарджик;Пазарджик
32024;гр.;Ивайловград;Ивайловград;Хасково
32038;с.;Иван Вазово;Калояново;Пловдив
32041;с.;Иван Димов;Трявна;Габрово
32055;с.;Иванивановци;Елена;Велико Търново
32069;с.;Иванили;Габрово;Габрово
32072;с.;Иванковци;Габрово;Габрово
32086;с.;Иваново;Петрич;Благоевград
32095;с.;Иваново;Иваново;Русе
32100;с.;Иваново;Харманли;Хасково
32113;с.;Иваново;Върбица;Шумен
32127;с.;Ивановци;Велико Търново;Велико Търново
32130;с.;Ивановци;Видин;Видин
32144;с.;Ивановци;Кюстендил;Кюстендил
32158;с.;Ивански;Шумен;Шумен
32161;с.;Иванци;Кърджали;Кърджали
32175;с.;Иванча;Полски Тръмбеш;Велико Търново
32189;с.;Иванча;Попово;Търговище
32192;с.;Иван Шишманово;Завет;Разград
32216;с.;Иваняне;Столична;София (столица)
32226;с.;Иганово;Карлово;Пловдив
32233;с.;Иглика;Габрово;Габрово
32250;с.;Иглика;Хитрино;Шумен
32264;с.;Иглика;Болярово;Ямбол
32278;гр.;Игнатиево;Аксаково;Варна
32281;с.;Игнатица;Мездра;Враца
32295;с.;Игнатово;Вълчедръм;Монтана
32305;с.;Игнатовци;Елена;Велико Търново
32319;с.;Игнатовци;Дряново;Габрово
32322;с.;Игралище;Струмяни;Благоевград
32336;с.;Идилево;Севлиево;Габрово
32341;с.;Избеглии;Асеновград;Пловдив
32353;с.;Избул;Нови пазар;Шумен
32367;с.;Извор;Бургас;Бургас
32370;с.;Извор;Димово;Видин
32384;с.;Извор;Радомир;Перник
32398;с.;Нови извор;Асеновград;Пловдив
32408;с.;Извор;Родопи;Пловдив
32411;с.;Извор;Сливница;София
32425;с.;Изворище;Бургас;Бургас
32439;с.;Извор махала;Кула;Видин
32442;с.;Изворник;Вълчи дол;Варна
32456;с.;Изворово;Чирпан;Стара Загора
32467;с.;Изворово;Генерал Тошево;Добрич
32473;с.;Изворово;Антоново;Търговище
32487;с.;Изворово;Харманли;Хасково
32490;с.;Изворско;Аксаково;Варна
32500;с.;Изворче;Ловеч;Ловеч
32514;с.;Изгрев;Царево;Бургас
32528;с.;Изгрев;Суворово;Варна
32531;с.;Изгрев;Левски;Плевен
32545;с.;Изгрев;Сливен;Сливен
32559;с.;Изгрев;Неделино;Смолян
32562;с.;Изгрев;Венец;Шумен
32576;с.;Изгрев;Елхово;Ямбол
32582;с.;Източник;Габрово;Габрово
32593;с.;Илаков рът;Елена;Велико Търново
32603;с.;Смолево;Якоруда;Благоевград
32617;с.;Илевци;Велико Търново;Велико Търново
32620;с.;Илийно;Омуртаг;Търговище
32634;с.;Илийско;Джебел;Кърджали
32648;с.;Илинден;Хаджидимово;Благоевград
32651;с.;Илинден;Мирково;София
32665;с.;Илинденци;Струмяни;Благоевград
32679;с.;Илиница;Кърджали;Кърджали
32682;с.;Илиювци;Елена;Велико Търново
32696;с.;Илия;Невестино;Кюстендил
32706;с.;Илия Блъсково;Шумен;Шумен
32723;с.;Имренчево;Велики Преслав;Шумен
32737;с.;Индже войвода;Созопол;Бургас
32740;с.;Генерал Инзово;Тунджа;Ямбол
32754;с.;Иново;Видин;Видин
32768;с.;Иречек;Каварна;Добрич
32771;с.;Иречеково;Стралджа;Ямбол
32785;с.;Иринеци;Трявна;Габрово
32799;с.;Ирник;Ситово;Силистра
32809;с.;Искра;Карнобат;Бургас
32812;с.;Искра;Дряново;Габрово
32826;с.;Искра;Първомай;Пловдив
32839;с.;Искра;Ситово;Силистра
32843;с.;Искрец;Своге;София
32857;с.;Искрица;Гълъбово;Стара Загора
32860;с.;Искър;Вълчи дол;Варна
32874;гр.;Исперих;Исперих;Разград
32888;с.;Исперихово;Брацигово;Пазарджик
32891;с.;Исьовци;Смолян;Смолян
32901;гр.;Ихтиман;Ихтиман;София
32915;с.;Ичера;Сливен;Сливен
32929;с.;Иваново;Рудозем;Смолян
32946;с.;Искра;Ардино;Кърджали
34014;с.;Йерусалимово;Любимец;Хасково
34028;с.;Йоаким Груево;Стамболийски;Пловдив
34045;с.;Йовково;Генерал Тошево;Добрич
34062;с.;Йововци;Трявна;Габрово
34076;с.;Йовчевци;Велико Търново;Велико Търново
34093;с.;Йоглав;Ловеч;Ловеч
34103;с.;Йонково;Исперих;Разград
34117;с.;Йончово;Черноочене;Кърджали
34120;с.;Елешница;Елин Пелин;София
34134;с.;Йорданово;Силистра;Силистра
35016;с.;Светлен;Кирково;Кърджали
35028;с.;Кабиле;Тунджа;Ямбол
35033;гр.;Каблешково;Поморие;Бургас
35047;с.;Каблешково;Черноочене;Кърджали
35050;с.;Каблешково;Тервел;Добрич
35064;гр.;Каварна;Каварна;Добрич
35078;с.;Кавлак;Стражица;Велико Търново
35081;с.;Кавракирово;Петрич;Благоевград
35095;с.;Кадиево;Родопи;Пловдив
35105;с.;Сушица;Симитли;Благоевград
35119;с.;Кадровица;Невестино;Кюстендил
35136;с.;Невестино;Кърджали;Кърджали
35143;с.;Казак;Ивайловград;Хасково
35153;с.;Казанка;Стара Загора;Стара Загора
35167;гр.;Казанлък;Казанлък;Стара Загора
35184;с.;Казаците;Джебел;Кърджали
35198;с.;Казачево;Ловеч;Ловеч
35208;с.;Казашка река;Аврен;Варна
35211;с.;Казашко;Варна;Варна
35225;с.;Казимир;Силистра;Силистра
35239;с.;Казичене;Столична;София (столица)
35242;с.;Кайнарджа;Кайнарджа;Силистра
35269;с.;Калайджиево;Крумовград;Кърджали
35273;с.;Калайджии;Златарица;Велико Търново
35290;с.;Калейца;Троян;Ловеч
35300;с.;Калековец;Марица;Пловдив
35314;с.;Кален;Мездра;Враца
35328;с.;Каленик;Видин;Видин
35331;с.;Каленик;Угърчин;Ловеч
35345;с.;Каленовци;Годеч;София
35362;с.;Калиманци;Сандански;Благоевград
35376;с.;Калиманци;Суворово;Варна
35384;с.;Калина;Брегово;Видин
35393;с.;Калина;Генерал Тошево;Добрич
35403;с.;Калинка;Кърджали;Кърджали
35417;с.;Калино;Хитрино;Шумен
35420;с.;Калитиново;Стара Загора;Стара Загора
35434;с.;Калище;Ковачевци;Перник
35448;с.;Калнище;Антоново;Търговище
35451;с.;Калово;Малко Търново;Бургас
35465;с.;Каломен;Дряново;Габрово
35479;с.;Калотина;Драгоман;София
35482;с.;Калотинци;Земен;Перник
35496;гр.;Калофер;Карлово;Пловдив
35506;с.;Калоян;Вълчи дол;Варна
35515;с.;Калояновец;Стара Загора;Стара Загора
35523;с.;Калояново;Калояново;Пловдив
35537;с.;Калояново;Сливен;Сливен
35540;с.;Калоянци;Кърджали;Кърджали
35554;с.;Калугерене;Главиница;Силистра
35571;с.;Калугерово;Лесичово;Пазарджик
35585;с.;Калугерово;Правец;София
35599;с.;Калугерово;Симеоновград;Хасково
35609;с.;Калчево;Тунджа;Ямбол
35626;с.;Калчовци;Габрово;Габрово
35630;с.;Камбелевци;Драгоман;София
35643;с.;Камбурово;Омуртаг;Търговище
35657;с.;Камен;Стражица;Велико Търново
35660;с.;Камен;Сливен;Сливен
35674;с.;Камен;Добрич-селска;Добрич
35688;с.;Камена;Петрич;Благоевград
35701;с.;Каменар;Варна;Варна
35715;с.;Каменар;Лозница;Разград
35729;с.;Каменари;Елена;Велико Търново
35732;с.;Каменарци;Кърджали;Кърджали
35746;с.;Камен бряг;Каварна;Добрич
35756;с.;Камен връх;Болярово;Ямбол
35777;с.;Камен дял;Дългопол;Варна
35780;с.;Каменец;Пордим;Плевен
35794;с.;Каменец;Стралджа;Ямбол
35804;с.;Каменик;Бобошево;Кюстендил
35818;с.;Каменица;Струмяни;Благоевград
35821;с.;Каменица;Мирково;София
35835;с.;Каменичка Скакавица;Кюстендил;Кюстендил
35849;с.;Каменка;Крумовград;Кърджали
35866;с.;Каменна река;Тополовград;Хасково
35871;с.;Каменна Рикса;Георги Дамяново;Монтана
35883;гр.;Камено;Камено;Бургас
35897;с.;Каменово;Кубрат;Разград
35907;с.;Каменово;Нова Загора;Сливен
35910;с.;Камено поле;Роман;Враца
35938;с.;Каменци;Кайнарджа;Силистра
35955;с.;Каменяк;Руен;Бургас
35969;с.;Каменяк;Хитрино;Шумен
35972;с.;Каменяне;Джебел;Кърджали
35986;с.;Камещица;Габрово;Габрово
35997;с.;Камилски дол;Ивайловград;Хасково
36004;с.;Камчия;Сунгурларе;Бургас
36021;с.;Кандилка;Крумовград;Кърджали
36035;с.;Кандови;Велинград;Пазарджик
36049;с.;Каниц;Бойница;Видин
36052;с.;Кантари;Елена;Велико Търново
36066;с.;Каняк;Черноочене;Кърджали
36079;гр.;Каолиново;Каолиново;Шумен
36083;с.;Капатово;Петрич;Благоевград
36107;с.;Къпиново;Велико Търново;Велико Търново
36110;с.;Капитан Андреево;Свиленград;Хасково
36124;с.;Капитан Димитриево;Пещера;Пазарджик
36138;с.;Капитан Димитрово;Крушари;Добрич
36141;с.;Капитановци;Видин;Видин
36155;с.;Капитан Петко;Венец;Шумен
36169;с.;Капище;Антоново;Търговище
36172;с.;Карабунар;Септември;Пазарджик
36186;с.;Каравелово;Карлово;Пловдив
36194;с.;Каравелово;Никола Козлево;Шумен
36200;с.;Каравелово;Тунджа;Ямбол
36213;с.;Каравельово;Руен;Бургас
36227;с.;Карагеоргиево;Айтос;Бургас
36230;с.;Караджалово;Първомай;Пловдив
36244;с.;Караджово;Садово;Пловдив
36261;с.;Караиванца;Дряново;Габрово
36275;с.;Караиванци;Елена;Велико Търново
36289;с.;Караисен;Павликени;Велико Търново
36292;с.;Карали;Габрово;Габрово
36302;с.;Караманите;Вълчи дол;Варна
36316;с.;Караманово;Ценово;Русе
36325;с.;Караманци;Минерални бани;Хасково
36333;с.;Кара Михал;Самуил;Разград
36347;с.;Карамичевци;Севлиево;Габрово
36350;с.;Карамфил;Момчилград;Кърджали
36364;с.;Каран Върбовка;Две могили;Русе
36378;с.;Карандили;Елена;Велико Търново
36381;с.;Караново;Айтос;Бургас
36395;с.;Караново;Нова Загора;Сливен
36405;с.;Каранци;Полски Тръмбеш;Велико Търново
36419;с.;Карапелит;Добрич-селска;Добрич
36422;с.;Караполци;Елин Пелин;София
36436;с.;Караш;Роман;Враца
36440;с.;Карбинци;Димово;Видин
36453;с.;Карвуна;Балчик;Добрич
36467;с.;Кардам;Генерал Тошево;Добрич
36470;с.;Кардам;Попово;Търговище
36484;с.;Карлиево;Златица;София
36498;гр.;Карлово;Карлово;Пловдив
36508;с.;Карловско;Ивайловград;Хасково
36511;с.;Карлуково;Луковит;Ловеч
36525;гр.;Карнобат;Карнобат;Бургас
36556;с.;Касапско;Мадан;Смолян
36566;с.;Касилаг;Радомир;Перник
36573;с.;Каснаково;Димитровград;Хасково
36587;гр.;Каспичан;Каспичан;Шумен
36590;с.;Каспичан;Каспичан;Шумен
36600;с.;Кастел;Севлиево;Габрово
36614;с.;Катерица;Пордим;Плевен
36628;с.;Катранджии;Дряново;Габрово
36631;с.;Катраница;Смолян;Смолян
36659;с.;Катрище;Кюстендил;Кюстендил
36662;с.;Катунец;Угърчин;Ловеч
36676;с.;Катуница;Садово;Пловдив
36681;с.;Катунище;Котел;Сливен
36693;с.;Катунци;Сандански;Благоевград
36703;с.;Кацелово;Две могили;Русе
36717;с.;Качулка;Крумовград;Кърджали
36720;с.;Кашенци;Трявна;Габрово
36734;с.;Кашина;Сандански;Благоевград
36748;с.;Каялоба;Кирково;Кърджали
36751;с.;Керека;Дряново;Габрово
36765;с.;Керените;Трявна;Габрово
36779;гр.;Кермен;Сливен;Сливен
36782;с.;Кесарево;Стражица;Велико Търново
36796;с.;Кестен;Девин;Смолян
36806;с.;Кестеново;Омуртаг;Търговище
36823;с.;Киевци;Габрово;Габрово
36837;гр.;Килифарево;Велико Търново;Велико Търново
36854;с.;Кипилово;Котел;Сливен
36868;с.;Кипра;Девня;Варна
36871;с.;Киревци;Елена;Велико Търново
36885;с.;Киреево;Макреш;Видин
36899;с.;Кирилово;Стара Загора;Стара Загора
36909;с.;Кирилово;Елхово;Ямбол
36926;с.;Кирково;Кирково;Кърджали
36938;с.;Кирово;Средец;Бургас
36943;с.;Кирчево;Угърчин;Ловеч
36957;с.;Киселево;Брусарци;Монтана
36960;с.;Киселица;Трекляно;Кюстендил
36974;с.;Киселчово;Смолян;Смолян
36988;с.;Киселковци;Трявна;Габрово
36991;с.;Кисийците;Трявна;Габрово
37006;с.;Кисьовци;Велико Търново;Велико Търново
37010;с.;Китанчево;Исперих;Разград
37023;гр.;Китен;Приморско;Бургас
37037;с.;Китен;Провадия;Варна
37040;с.;Китино;Антоново;Търговище
37068;с.;Китка;Аврен;Варна
37071;с.;Китна;Кирково;Кърджали
37085;с.;Китница;Ардино;Кърджали
37099;с.;Кичево;Аксаково;Варна
37109;с.;Киченица;Разград;Разград
37126;с.;Кладенец;Стамболово;Хасково
37135;с.;Кладенец;Шумен;Шумен
37143;с.;Кладенци;Петрич;Благоевград
37157;с.;Кладенци;Тервел;Добрич
37160;с.;Кладни дял;Велико Търново;Велико Търново
37174;с.;Кладница;Перник;Перник
37188;с.;Кладоруб;Димово;Видин
37191;с.;Клепало;Струмяни;Благоевград
37201;с.;Кликач;Карнобат;Бургас
37215;с.;Климаш;Сунгурларе;Бургас
37229;с.;Климент;Карлово;Пловдив
37232;с.;Климент;Каолиново;Шумен
37246;с.;Климентово;Аксаково;Варна
37263;с.;Клисура;Благоевград;Благоевград
37277;гр.;Клисура;Карлово;Пловдив
37280;с.;Клисура;Столична;София (столица)
37294;с.;Клисура;Самоков;София
37304;с.;Клисурица;Монтана;Монтана
37318;ман.;Клисурски манастир;Вършец;Монтана
37321;с.;Клокотница;Хасково;Хасково
37335;с.;Клъшка река;Велико Търново;Велико Търново
37349;с.;Ключ;Петрич;Благоевград
37352;с.;Кметовци;Габрово;Габрово
37366;с.;Кметчета;Габрово;Габрово
37376;гр.;Кнежа;Кнежа;Плевен
37383;с.;Книжовник;Хасково;Хасково
37397;с.;Княжева махала;Брусарци;Монтана
37407;с.;Княжево;Тополовград;Хасково
37410;с.;Кобилино;Ивайловград;Хасково
37424;с.;Кобиляк;Бойчиновци;Монтана
37438;с.;Кобиляне;Кърджали;Кърджали
37455;с.;Ковач;Раднево;Стара Загора
37469;с.;Ковачевец;Попово;Търговище
37472;с.;Ковачевица;Гърмен;Благоевград
37486;с.;Ковачево;Сандански;Благоевград
37491;с.;Ковачево;Септември;Пазарджик
37507;с.;Ковачево;Раднево;Стара Загора
37513;с.;Ковачевци;Ковачевци;Перник
37527;с.;Ковачевци;Самоков;София
37530;с.;Ковачите;Сливен;Сливен
37544;с.;Ковачица;Лом;Монтана
37558;с.;Ковил;Крумовград;Кърджали
37561;с.;Коевци;Сухиндол;Велико Търново
37575;с.;Коевци;Трявна;Габрово
37592;с.;Кожари;Борино;Смолян
37602;с.;Кожинци;Трън;Перник
37616;с.;Кожлювци;Елена;Велико Търново
37622;с.;Кожухарци;Крумовград;Кърджали
37633;с.;Козаново;Асеновград;Пловдив
37647;с.;Козар Белене;Левски;Плевен
37650;с.;Козаре;Карнобат;Бургас
37664;с.;Козаревец;Лясковец;Велико Търново
37678;с.;Козаревец;Стара Загора;Стара Загора
37681;с.;Козарево;Тунджа;Ямбол
37695;с.;Козарка;Неделино;Смолян
37705;с.;Козарско;Брацигово;Пазарджик
37722;с.;Кози рог;Габрово;Габрово
37736;с.;Козица;Джебел;Кърджали
37748;с.;Козица;Попово;Търговище
37753;с.;Козичино;Поморие;Бургас
37767;с.;Козлево;Кирково;Кърджали
37770;с.;Козлец;Хасково;Хасково
37784;с.;Козловец;Свищов;Велико Търново
37798;гр.;Козлодуй;Козлодуй;Враца
37808;с.;Козлодуйци;Добрич-селска;Добрич
37811;с.;Козма презвитер;Омуртаг;Търговище
37825;с.;Козница;Несебър;Бургас
37839;с.;Козяк;Дулово;Силистра
37842;с.;Козя река;Елена;Велико Търново
37856;с.;Коиловци;Плевен;Плевен
37863;гр.;Койнаре;Червен бряг;Плевен
37890;с.;Койчовци;Трявна;Габрово
37914;с.;Кокаляне;Столична;София (столица)
37928;с.;Кокиче;Кърджали;Кърджали
37945;с.;Кокорово;Смолян;Смолян
37959;с.;Кокорци;Рудозем;Смолян
37962;с.;Кокошане;Кърджали;Кърджали
37976;с.;Колари;Елена;Велико Търново
37989;с.;Коларово;Петрич;Благоевград
37993;с.;Коларово;Главиница;Силистра
38008;с.;Коларово;Раднево;Стара Загора
38011;с.;Коларово;Харманли;Хасково
38025;с.;Коларци;Тервел;Добрич
38039;с.;Колена;Стара Загора;Стара Загора
38042;с.;Колец;Минерални бани;Хасково
38056;с.;Колибите;Струмяни;Благоевград
38060;с.;Колишовци;Габрово;Габрово
38073;с.;Колобър;Дулово;Силистра
38090;с.;Колю Ганев;Трявна;Габрово
38100;с.;Колю Мариново;Братя Даскалови;Стара Загора
38114;с.;Комарево;Провадия;Варна
38128;с.;Комарево;Бяла Слатина;Враца
38131;с.;Комарево;Берковица;Монтана
38145;с.;Комарево;Долна Митрополия;Плевен
38159;с.;Комощица;Якимово;Монтана
38162;с.;Комунари;Дългопол;Варна
38176;с.;Комунига;Черноочене;Кърджали
38186;с.;Комщица;Годеч;София
38193;с.;Конак;Попово;Търговище
38203;с.;Конаре;Гурково;Стара Загора
38217;с.;Конаре;Генерал Тошево;Добрич
38220;с.;Конарско;Якоруда;Благоевград
38234;с.;Конарското;Трявна;Габрово
38248;с.;Кондово;Ивайловград;Хасково
38251;с.;Кондолово;Царево;Бургас
38265;с.;Кондофрей;Радомир;Перник
38279;с.;Коневец;Тунджа;Ямбол
38282;с.;Конево;Кърджали;Кърджали
38296;с.;Конево;Исперих;Разград
38306;с.;Конево;Върбица;Шумен
38317;с.;Конници;Ивайловград;Хасково
38323;с.;Коноп;Антоново;Търговище
38337;с.;Константин;Елена;Велико Търново
38340;с.;Константиновец;Раднево;Стара Загора
38354;с.;Константиново;Варна;Варна
38368;с.;Константиново;Симеоновград;Хасково
38371;с.;Контил;Джебел;Кърджали
38385;с.;Конуш;Асеновград;Пловдив
38399;с.;Конуш;Хасково;Хасково
38409;с.;Конче;Момчилград;Кърджали
38426;с.;Коньово;Нова Загора;Сливен
38432;с.;Коняво;Кюстендил;Кюстендил
38460;с.;Копаница;Радомир;Перник
38474;с.;Копиловци;Кюстендил;Кюстендил
38488;с.;Копиловци;Георги Дамяново;Монтана
38491;с.;Копитник;Черноочене;Кърджали
38501;с.;Копрец;Търговище;Търговище
38515;с.;Коприва;Кюстендил;Кюстендил
38529;с.;Копривец;Бяла;Русе
38532;с.;Копривлен;Хаджидимово;Благоевград
38558;гр.;Копривщица;Копривщица;София
38563;с.;Копринка;Казанлък;Стара Загора
38577;с.;Копчелиите;Габрово;Габрово
38580;с.;Корен;Хасково;Хасково
38594;с.;Кориите;Мадан;Смолян
38604;с.;Коритата;Рудозем;Смолян
38618;с.;Коритен;Крушари;Добрич
38621;с.;Корията;Севлиево;Габрово
38635;с.;Коркина;Бобов дол;Кюстендил
38652;с.;Кормянско;Севлиево;Габрово
38666;с.;Корница;Гоце Делчев;Благоевград
38683;с.;Кортен;Нова Загора;Сливен
38697;с.;Кос;Момчилград;Кърджали
38707;с.;Косара;Главиница;Силистра
38710;с.;Косарка;Дряново;Габрово
38724;с.;Косача;Ковачевци;Перник
38738;с.;Косевци;Елена;Велико Търново
38741;с.;Косилка;Дряново;Габрово
38769;с.;Косовец;Поморие;Бургас
38772;с.;Косово;Брегово;Видин
38786;с.;Косово;Трекляно;Кюстендил
38799;с.;Косово;Асеновград;Пловдив
38804;с.;Косово;Каспичан;Шумен
38813;с.;Костадините;Габрово;Габрово
38830;с.;Костанденец;Цар Калоян;Разград
38844;гр.;Костандово;Ракитово;Пазарджик
38858;с.;Коста Перчево;Кула;Видин
38861;с.;Костел;Елена;Велико Търново
38875;с.;Костелево;Враца;Враца
38889;с.;Костен;Сунгурларе;Бургас
38892;с.;Костена река;Шумен;Шумен
38902;гр.;Костенец;Костенец;София
38916;с.;Костенец;Костенец;София
38920;с.;Костенковци;Габрово;Габрово
38933;с.;Костенци;Берковица;Монтана
38947;с.;Кости;Царево;Бургас
38950;с.;Костиево;Марица;Пловдив
38964;с.;Костилково;Ивайловград;Хасково
38978;гр.;Костинброд;Костинброд;София
38981;с.;Костино;Кърджали;Кърджали
38995;с.;Костичовци;Димово;Видин
39001;с.;Костур;Свиленград;Хасково
39013;с.;Костурино;Кирково;Кърджали
39027;с.;Костуринци;Трън;Перник
39030;гр.;Котел;Котел;Сливен
39044;с.;Котеновци;Берковица;Монтана
39058;с.;Котлари;Крумовград;Кърджали
39061;с.;Котленци;Добрич-селска;Добрич
39075;с.;Котуци;Елена;Велико Търново
39089;с.;Кочан;Сатовча;Благоевград
39092;с.;Кочани;Неделино;Смолян
39102;с.;Кочево;Садово;Пловдив
39116;гр.;Кочериново;Кочериново;Кюстендил
39127;с.;Кочмар;Тервел;Добрич
39133;с.;Кочово;Велики Преслав;Шумен
39147;с.;Кошава;Видин;Видин
39150;с.;Кошарево;Брезник;Перник
39164;с.;Кошарица;Несебър;Бургас
39178;с.;Кошарна;Сливо поле;Русе
39181;с.;Кошница;Смолян;Смолян
39195;с.;Кошничари;Търговище;Търговище
39205;с.;Кошов;Иваново;Русе
39222;с.;Кравино;Опан;Стара Загора
39236;с.;Краводер;Криводол;Враца
39242;с.;Крагулево;Добрич-селска;Добрич
39267;с.;Краево;Ботевград;София
39270;с.;Краище;Белица;Благоевград
39284;с.;Краище;Генерал Тошево;Добрич
39298;с.;Крайгорци;Върбица;Шумен
39311;с.;Крайна;Мадан;Смолян
39325;с.;Крайни дол;Дупница;Кюстендил
39339;с.;Крайници;Дупница;Кюстендил
39342;с.;Крайно село;Кърджали;Кърджали
39356;с.;Крайново;Болярово;Ямбол
39368;с.;Крайполе;Антоново;Търговище
39373;с.;Кракра;Вълчи дол;Варна
39387;с.;Кралев дол;Перник;Перник
39390;с.;Кралево;Търговище;Търговище
39400;с.;Кралево;Стамболово;Хасково
39428;с.;Крали Марко;Пазарджик;Пазарджик
39431;с.;Крамолин;Севлиево;Габрово
39445;с.;Кран;Кирково;Кърджали
39459;с.;Кранево;Балчик;Добрич
39462;с.;Краново;Кайнарджа;Силистра
39483;с.;Крапец;Мездра;Враца
39493;с.;Крапец;Шабла;Добрич
39503;с.;Крапчене;Монтана;Монтана
39517;с.;Красава;Брезник;Перник
39520;с.;Красен;Иваново;Русе
39534;с.;Красен;Генерал Тошево;Добрич
39548;с.;Красен дол;Никола Козлево;Шумен
39551;с.;Красимир;Дългопол;Варна
39565;с.;Красино;Крумовград;Кърджали
39579;с.;Красново;Хисаря;Пловдив
39582;с.;Красно градище;Сухиндол;Велико Търново
39596;с.;Красноселци;Омуртаг;Търговище
39606;с.;Крачимир;Белоградчик;Видин
39614;с.;Кремен;Банско;Благоевград
39623;с.;Кремена;Балчик;Добрич
39637;с.;Кремене;Смолян;Смолян
39640;с.;Кременик;Дупница;Кюстендил
39668;с.;Крепост;Димитровград;Хасково
39671;с.;Крепча;Опака;Търговище
39685;с.;Креслювци;Трявна;Габрово
39699;с.;Стара Кресна;Кресна;Благоевград
39709;с.;Крета;Мездра;Враца
39712;с.;Крета;Гулянци;Плевен
39726;с.;Крибул;Сатовча;Благоевград
39730;с.;Крива бара;Козлодуй;Враца
39743;с.;Крива бара;Брусарци;Монтана
39757;с.;Крива круша;Нова Загора;Сливен
39760;с.;Крива река;Никола Козлево;Шумен
39788;с.;Кривина;Ценово;Русе
39791;с.;Кривина;Столична;София (столица)
39801;с.;Кривини;Долни чифлик;Варна
39815;с.;Кривица;Самуил;Разград
39829;с.;Кривня;Провадия;Варна
39832;с.;Кривня;Ветово;Русе
39846;гр.;Криводол;Криводол;Враца
39855;с.;Кривонос;Брезник;Перник
39863;с.;Криво поле;Хасково;Хасково
39877;с.;Крилатица;Кирково;Кърджали
39880;с.;Крилювци;Елена;Велико Търново
39894;с.;Крин;Кърджали;Кърджали
39918;с.;Крислово;Марица;Пловдив
39921;гр.;Кричим;Кричим;Пловдив
39935;с.;Кромидово;Петрич;Благоевград
39949;с.;Крояч;Лозница;Разград
39952;с.;Кроячево;Ардино;Кърджали
39966;с.;Крум;Димитровград;Хасково
39970;гр.;Крумовград;Крумовград;Кърджали
39983;с.;Крумово;Аксаково;Варна
39997;с.;Крумово;Кочериново;Кюстендил
40004;с.;Крумово;Родопи;Пловдив
40018;с.;Крумово;Тунджа;Ямбол
40021;с.;Крумово градище;Карнобат;Бургас
40035;с.;Крумчевци;Елена;Велико Търново
40049;с.;Крупен;Каварна;Добрич
40052;с.;Крупник;Симитли;Благоевград
40066;с.;Круша;Аврен;Варна
40070;с.;Круша;Драгоман;София
40083;с.;Крушаре;Сливен;Сливен
40097;с.;Крушари;Крушари;Добрич
40110;с.;Крушев дол;Мадан;Смолян
40124;с.;Крушевец;Созопол;Бургас
40138;с.;Крушево;Гърмен;Благоевград
40141;с.;Крушево;Севлиево;Габрово
40155;с.;Крушево;Първомай;Пловдив
40169;с.;Крушевска;Кърджали;Кърджали
40172;с.;Крушето;Горна Оряховица;Велико Търново
40186;с.;Крушка;Кърджали;Кърджали
40195;с.;Крушовене;Долна Митрополия;Плевен
40200;с.;Крушовица;Мизия;Враца
40213;с.;Крушовица;Долни Дъбник;Плевен
40227;с.;Крушовица;Елин Пелин;София
40230;с.;Крушово;Карнобат;Бургас
40244;с.;Крушово;Лъки;Пловдив
40258;с.;Крушолак;Антоново;Търговище
40261;с.;Крушуна;Летница;Ловеч
40275;с.;Кръвеник;Севлиево;Габрово
40292;гр.;Крън;Казанлък;Стара Загора
40302;с.;Крънджилица;Петрич;Благоевград
40316;с.;Крънча;Дряново;Габрово
40326;с.;Кръстатица;Баните;Смолян
40333;с.;Кръстевич;Хисаря;Пловдив
40350;с.;Кръстеняците;Трявна;Габрово
40364;с.;Кръстец;Трявна;Габрово
40378;с.;Кръстилци;Сандански;Благоевград
40381;с.;Кръстина;Камено;Бургас
40395;с.;Кръшно;Търговище;Търговище
40419;с.;Кубадин;Средец;Бургас
40422;гр.;Кубрат;Кубрат;Разград
40436;с.;Кубратово;Столична;София (столица)
40441;с.;Куделин;Брегово;Видин
40453;с.;Кузьово;Белица;Благоевград
40467;гр.;Куклен;Куклен;Пловдив
40470;с.;Кукля;Дряново;Габрово
40484;с.;Кукорево;Тунджа;Ямбол
40498;с.;Кукувица;Смолян;Смолян
40508;с.;Кукурахцево;Петрич;Благоевград
40511;с.;Кукуряк;Кирково;Кърджали
40525;гр.;Кула;Кула;Видин
40539;с.;Кулата;Петрич;Благоевград
40573;с.;Кулина вода;Белене;Плевен
40587;с.;Куманите;Дряново;Габрово
40590;с.;Куманово;Аксаково;Варна
40628;с.;Кундево;Неделино;Смолян
40645;с.;Кунино;Роман;Враца
40659;с.;Купен;Севлиево;Габрово
40662;с.;Купен;Мадан;Смолян
40676;с.;Купците;Джебел;Кърджали
40693;с.;Курново;Роман;Враца
40703;с.;Куртово;Карлово;Пловдив
40717;с.;Куртово Конаре;Стамболийски;Пловдив
40748;с.;Кутела;Смолян;Смолян
40751;с.;Кутловица;Алфатар;Силистра
40765;с.;Кутугерци;Кюстендил;Кюстендил
40779;с.;Куцаровци;Велико Търново;Велико Търново
40782;с.;Куцина;Полски Тръмбеш;Велико Търново
40796;с.;Куцово;Черноочене;Кърджали
40806;с.;Кушла;Златоград;Смолян
40823;с.;Къклица;Крумовград;Кърджали
40837;с.;Къкрина;Ловеч;Ловеч
40840;с.;Кълново;Смядово;Шумен
40868;с.;Кънчево;Казанлък;Стара Загора
40871;с.;Къпинец;Антоново;Търговище
40885;с.;Къпиново;Генерал Тошево;Добрич
40899;с.;Къпиновци;Исперих;Разград
40909;гр.;Кърджали;Кърджали;Кърджали
40912;с.;Кърналово;Петрич;Благоевград
40926;с.;Кърланово;Сандански;Благоевград
40939;с.;Кърнаре;Карлово;Пловдив
40943;с.;Кърпачево;Летница;Ловеч
40957;с.;Кърпелево;Струмяни;Благоевград
40960;с.;Къртипъня;Дряново;Габрово
40974;с.;Къртожабене;Плевен;Плевен
40988;с.;Кърчовско;Кирково;Кърджали
40991;с.;Кършалево;Кюстендил;Кюстендил
41006;с.;Късак;Доспат;Смолян
41010;с.;Кътина;Столична;София (столица)
41037;с.;Къшин;Плевен;Плевен
41040;с.;Къшле;Трън;Перник
41054;с.;Кьолмен;Върбица;Шумен
41085;с.;Кьосево;Кърджали;Кърджали
41099;с.;Кьосевци;Антоново;Търговище
41109;с.;Кюлевча;Каспичан;Шумен
41112;гр.;Кюстендил;Кюстендил;Кюстендил
41126;с.;Конска;Брезник;Перник
41136;с.;Кръстава;Велинград;Пазарджик
41143;с.;Калипетрово;Силистра;Силистра
41157;с.;Еленка;Неделино;Смолян
41174;с.;Кремен;Кирково;Кърджали
41188;с.;Коньовец;Шумен;Шумен
41191;с.;Костадинкино;Ихтиман;София
41232;с.;Кленовик;Радомир;Перник
41246;с.;Климентово;Полски Тръмбеш;Велико Търново
41251;с.;Кошарите;Радомир;Перник
41263;с.;Кутово;Видин;Видин
41277;с.;Крайна;Неделино;Смолян
43013;с.;Лагерите;Велико Търново;Велико Търново
43027;с.;Лагошевци;Димово;Видин
43030;с.;Ладарево;Сандански;Благоевград
43044;с.;Лазарово;Кнежа;Плевен
43058;с.;Торос;Луковит;Ловеч
43061;с.;Лазарци;Елена;Велико Търново
43092;с.;Лакатник;Своге;София
43102;с.;Лале;Момчилград;Кърджали
43116;с.;Лалково;Елхово;Ямбол
43128;с.;Ламбух;Ивайловград;Хасково
43147;с.;Ласкар;Плевен;Плевен
43150;с.;Ласкарево;Сандански;Благоевград
43164;с.;Латинка;Ардино;Кърджали
43178;с.;Лебед;Джебел;Кърджали
43181;с.;Лебница;Сандански;Благоевград
43195;с.;Лева река;Трън;Перник
43205;с.;Левка;Свиленград;Хасково
43219;с.;Левочево;Смолян;Смолян
43222;с.;Левски;Суворово;Варна
43236;гр.;Левски;Левски;Плевен
43243;с.;Левуново;Сандански;Благоевград
43253;с.;Леденик;Велико Търново;Велико Търново
43267;с.;Лелинци;Кюстендил;Кюстендил
43270;с.;Ленище;Ардино;Кърджали
43284;с.;Ленково;Гулянци;Плевен
43298;с.;Леново;Асеновград;Пловдив
43308;с.;Ленско;Ивайловград;Хасково
43311;с.;Лепица;Червен бряг;Плевен
43325;с.;Лесидрен;Угърчин;Ловеч
43339;с.;Лесичарка;Габрово;Габрово
43342;с.;Лесиче;Елена;Велико Търново
43356;с.;Лесичери;Павликени;Велико Търново
43369;с.;Лесичово;Лесичово;Пазарджик
43373;с.;Леска;Кюстендил;Кюстендил
43387;с.;Леска;Мадан;Смолян
43390;с.;Лесковдол;Своге;София
43400;с.;Лесковец;Оряхово;Враца
43414;с.;Лесковец;Берковица;Монтана
43428;с.;Лесковец;Перник;Перник
43431;с.;Лясково;Добрич-селска;Добрич
43445;с.;Лесново;Елин Пелин;София
43459;с.;Лесово;Елхово;Ямбол
43462;с.;Лесура;Криводол;Враца
43476;гр.;Летница;Летница;Ловеч
43484;с.;Летница;Драгоман;София
43493;с.;Летовник;Момчилград;Кърджали
43503;с.;Лехово;Сандански;Благоевград
43517;с.;Лехчево;Бойчиновци;Монтана
43520;с.;Лешко;Благоевград;Благоевград
43548;с.;Лешниково;Харманли;Хасково
43551;с.;Лешниковци;Трън;Перник
43565;с.;Лешница;Сандански;Благоевград
43579;с.;Лешница;Ловеч;Ловеч
43582;с.;Лещак;Мадан;Смолян
43596;с.;Лещарка;Крумовград;Кърджали
43606;с.;Лещен;Гърмен;Благоевград
43615;с.;Леярово;Стралджа;Ямбол
43623;с.;Ливада;Камено;Бургас
43637;с.;Ливаде;Мадан;Смолян
43654;с.;Лик;Мездра;Враца
43668;с.;Лилеково;Чепеларе;Смолян
43671;с.;Лилково;Родопи;Пловдив
43685;с.;Лиляк;Търговище;Търговище
43699;с.;Лиляново;Сандански;Благоевград
43709;с.;Лиляч;Невестино;Кюстендил
43712;с.;Лиляче;Враца;Враца
43726;с.;Лимец;Крумовград;Кърджали
43730;с.;Липен;Монтана;Монтана
43743;с.;Липец;Смолян;Смолян
43757;с.;Липинци;Драгоман;София
43760;с.;Липник;Разград;Разград
43774;с.;Липница;Мизия;Враца
43788;с.;Липница;Ботевград;София
43815;с.;Лисец;Кюстендил;Кюстендил
43829;с.;Лисец;Ловеч;Ловеч
43832;с.;Лисец;Самоков;София
43846;с.;Лиси връх;Каолиново;Шумен
43856;с.;Лисиците;Кърджали;Кърджали
43863;с.;Лисия;Благоевград;Благоевград
43877;с.;Лисово;Свиленград;Хасково
43880;с.;Листец;Руен;Бургас
43894;с.;Листец;Главиница;Силистра
43904;с.;Литаково;Ботевград;София
43918;с.;Лобош;Ковачевци;Перник
43921;с.;Ловец;Стара Загора;Стара Загора
43935;с.;Ловец;Търговище;Търговище
43949;с.;Ловец;Върбица;Шумен
43952;гр.;Ловеч;Ловеч;Ловеч
43966;с.;Ловнидол;Севлиево;Габрово
43983;с.;Ловци;Мадан;Смолян
43997;с.;Ловчанци;Добрич-селска;Добрич
44015;с.;Лоза;Габрово;Габрово
44029;с.;Лозарево;Сунгурларе;Бургас
44032;с.;Лозево;Шумен;Шумен
44046;с.;Лозен;Стражица;Велико Търново
44053;с.;Лозен;Септември;Пазарджик
44063;с.;Лозен;Столична;София (столица)
44077;с.;Лозен;Любимец;Хасково
44080;с.;Лозенградци;Кирково;Кърджали
44094;с.;Лозенец;Царево;Бургас
44104;с.;Лозенец;Крушари;Добрич
44118;с.;Лозенец;Стралджа;Ямбол
44121;с.;Лозеница;Сандански;Благоевград
44149;с.;Лозица;Сунгурларе;Бургас
44152;с.;Лозица;Никопол;Плевен
44166;гр.;Лозница;Лозница;Разград
44179;с.;Лозница;Генерал Тошево;Добрич
44183;с.;Лозно;Кюстендил;Кюстендил
44210;с.;Локвата;Бобов дол;Кюстендил
44224;с.;Локорско;Столична;София (столица)
44238;гр.;Лом;Лом;Монтана
44241;с.;Ломец;Троян;Ловеч
44255;с.;Ломница;Кюстендил;Кюстендил
44269;с.;Ломница;Трън;Перник
44272;с.;Ломница;Добрич-селска;Добрич
44286;с.;Ломци;Попово;Търговище
44294;с.;Лопушна;Дългопол;Варна
44300;с.;Лопушня;Годеч;София
44313;с.;Лопян;Етрополе;София
44327;гр.;Луковит;Луковит;Ловеч
44330;с.;Луково;Своге;София
44344;с.;Луличка;Крумовград;Кърджали
44358;с.;Лъвино;Исперих;Разград
44361;с.;Лъвово;Кърджали;Кърджали
44389;с.;Лъга;Етрополе;София
44402;с.;Баните;Баните;Смолян
44416;с.;Лъжница;Гоце Делчев;Благоевград
44425;с.;Лъка;Поморие;Бургас
44433;с.;Лъка;Смолян;Смолян
44447;с.;Лъкавица;Лъки;Пловдив
44464;с.;Лъки;Хаджидимово;Благоевград
44478;гр.;Лъки;Лъки;Пловдив
44481;с.;Любен;Съединение;Пловдив
44495;с.;Любен;Ситово;Силистра
44505;с.;Любенец;Нова Загора;Сливен
44519;с.;Любен Каравелово;Аксаково;Варна
44522;с.;Любенова махала;Нова Загора;Сливен
44536;с.;Любеново;Никопол;Плевен
44540;с.;Любеново;Раднево;Стара Загора
44553;с.;Любеново;Хасково;Хасково
44567;с.;Любенци;Стражица;Велико Търново
44570;гр.;Любимец;Любимец;Хасково
44584;с.;Любино;Ардино;Кърджали
44598;с.;Любичево;Антоново;Търговище
44608;с.;Люблен;Опака;Търговище
44611;с.;Любница;Ихтиман;София
44625;с.;Любовище;Сандански;Благоевград
44639;с.;Любовка;Сандански;Благоевград
44642;с.;Любча;Доспат;Смолян
44656;с.;Люлин;Перник;Перник
44666;с.;Люлин;Стралджа;Ямбол
44673;с.;Люлка;Смолян;Смолян
44687;с.;Люляк;Стара Загора;Стара Загора
44690;с.;Люляково;Руен;Бургас
44700;с.;Люляково;Кърджали;Кърджали
44714;с.;Люляково;Генерал Тошево;Добрич
44728;с.;Лютаджик;Враца;Враца
44745;с.;Лютиброд;Мездра;Враца
44759;с.;Лютидол;Мездра;Враца
44762;с.;Лютово;Белица;Благоевград
44776;с.;Лява река;Гурково;Стара Загора
44781;с.;Лялинци;Трън;Перник
44793;гр.;Лясковец;Лясковец;Велико Търново
44803;с.;Лясковец;Стамболово;Хасково
44817;с.;Лясково;Айтос;Бургас
44820;с.;Лясково;Черноочене;Кърджали
44834;с.;Лясково;Асеновград;Пловдив
44848;с.;Лясково;Девин;Смолян
44851;с.;Лясково;Стара Загора;Стара Загора
44865;с.;Лятно;Каолиново;Шумен
44879;с.;Ляхово;Пазарджик;Пазарджик
44882;с.;Ляхово;Балчик;Добрич
44896;с.;Левци;Ардино;Кърджали
44906;с.;Левище;Своге;София
44937;с.;Ловско;Лозница;Разград
46019;с.;Магарджица;Смолян;Смолян
46036;с.;Мадан;Бойчиновци;Монтана
46045;гр.;Мадан;Мадан;Смолян
46053;с.;Мадара;Шумен;Шумен
46067;с.;Маджаре;Самоков;София
46070;с.;Маджари;Стамболово;Хасково
46084;гр.;Маджарово;Маджарово;Хасково
46098;с.;Маджерито;Стара Загора;Стара Загора
46108;с.;Мазарачево;Кюстендил;Кюстендил
46111;с.;Майор Узуново;Видин;Видин
46125;с.;Майско;Елена;Велико Търново
46139;с.;Майсторово;Кърджали;Кърджали
46156;с.;Мак;Ардино;Кърджали
46190;с.;Макариополско;Търговище;Търговище
46214;с.;Македонци;Кърджали;Кърджали
46228;с.;Маково;Търговище;Търговище
46231;с.;Макоцево;Горна Малина;София
46245;с.;Макреш;Макреш;Видин
46259;с.;Мала Раковица;Божурище;София
46262;с.;Мала Фуча;Бобов дол;Кюстендил
46276;с.;Мала църква;Самоков;София
46286;с.;Малево;Чепеларе;Смолян
46293;с.;Малево;Хасково;Хасково
46303;с.;Маленово;Стралджа;Ямбол
46317;с.;Мали Върбовник;Бобов дол;Кюстендил
46320;с.;Мали Дреновец;Димово;Видин
46334;с.;Мали извор;Тервел;Добрич
46348;с.;Малина;Средец;Бургас
46351;с.;Малина;Генерал Тошево;Добрич
46365;с.;Малини;Габрово;Габрово
46396;с.;Малиново;Ловеч;Ловеч
46406;с.;Малка Арда;Баните;Смолян
46417;с.;Малка Верея;Стара Загора;Стара Загора
46437;с.;Малка Желязна;Тетевен;Ловеч
46440;с.;Малка поляна;Айтос;Бургас
46454;с.;Малка Смолница;Добрич-селска;Добрич
46468;с.;Малка Черковна;Антоново;Търговище
46471;с.;Малка Чинка;Крумовград;Кърджали
46485;с.;Малки Българени;Дряново;Габрово
46499;с.;Малки Воден;Маджарово;Хасково
46509;с.;Малки Вършец;Севлиево;Габрово
46512;с.;Малки Станчовци;Трявна;Габрово
46526;с.;Малки Цалим;Сандански;Благоевград
46532;с.;Малки чифлик;Велико Търново;Велико Търново
46543;с.;Малко Асеново;Димитровград;Хасково
46557;с.;Малко Брягово;Маджарово;Хасково
46560;с.;Малко Враново;Сливо поле;Русе
46574;с.;Малко градище;Любимец;Хасково
46588;с.;Малко Дряново;Братя Даскалови;Стара Загора
46591;с.;Малко Кадиево;Стара Загора;Стара Загора
46601;с.;Малко Каменяне;Крумовград;Кърджали
46615;с.;Малко Кирилово;Елхово;Ямбол
46629;с.;Малко Крушево;Баните;Смолян
46632;с.;Малко Попово;Маджарово;Хасково
46646;с.;Малко село;Котел;Сливен
46658;с.;Малко Тръново;Чирпан;Стара Загора
46663;гр.;Малко Търново;Малко Търново;Бургас
46680;с.;Малкоч;Кирково;Кърджали
46694;с.;Малко Чочовени;Сливен;Сливен
46704;с.;Малко Шарково;Болярово;Ямбол
46721;с.;Мало Бучино;Столична;София (столица)
46735;с.;Малоградец;Антоново;Търговище
46749;с.;Мало Конаре;Пазарджик;Пазарджик
46752;с.;Мало Крушево;Хисаря;Пловдив
46766;с.;Мало Малово;Драгоман;София
46773;с.;Маломир;Върбица;Шумен
46783;с.;Маломир;Тунджа;Ямбол
46797;с.;Маломирово;Елхово;Ямбол
46807;с.;Мало Пещене;Враца;Враца
46810;с.;Малорад;Борован;Враца
46824;с.;Мало село;Бобов дол;Кюстендил
46841;с.;Малчика;Левски;Плевен
46855;с.;Малчовци;Велико Търново;Велико Търново
46869;с.;Малчовци;Трявна;Габрово
46872;с.;Малък Девесил;Крумовград;Кърджали
46886;с.;Малък извор;Ябланица;Ловеч
46899;с.;Малък извор;Стамболово;Хасково
46904;с.;Малък манастир;Елхово;Ямбол
46913;с.;Малък Поровец;Исперих;Разград
46927;с.;Малък Преславец;Главиница;Силистра
46930;с.;Припек;Руен;Бургас
46944;с.;Малък чардак;Съединение;Пловдив
46958;с.;Мамарчево;Болярово;Ямбол
46961;с.;Манаселска река;Правец;София
46975;с.;Манастир;Провадия;Варна
46989;с.;Манастир;Лъки;Пловдив
46992;с.;Манастир;Хасково;Хасково
47007;с.;Манастирица;Попово;Търговище
47010;с.;Манастирище;Хайредин;Враца
47024;с.;Манастирище;Своге;София
47038;с.;Манастирско;Лозница;Разград
47041;с.;Манастирци;Лозница;Разград
47055;с.;Мандра;Хасково;Хасково
47069;с.;Мандрица;Ивайловград;Хасково
47072;с.;Маневци;Трявна;Габрово
47086;с.;Маноле;Марица;Пловдив
47096;с.;Манолич;Сунгурларе;Бургас
47101;с.;Манолово;Павел баня;Стара Загора
47113;с.;Манолско Конаре;Марица;Пловдив
47127;с.;Маноя;Дряново;Габрово
47130;с.;Манушевци;Антоново;Търговище
47144;с.;Манчево;Момчилград;Кърджали
47158;с.;Марафелци;Елена;Велико Търново
47161;с.;Мараш;Шумен;Шумен
47175;с.;Марговци;Велико Търново;Велико Търново
47189;с.;Марикостиново;Петрич;Благоевград
47202;с.;Маринка;Бургас;Бургас
47227;с.;Мариновци;Елена;Велико Търново
47247;с.;Марино поле;Петрич;Благоевград
47250;с.;Марино поле;Карлово;Пловдив
47264;с.;Марица;Самоков;София
47278;гр.;Симеоновград;Симеоновград;Хасково
47295;с.;Марково;Родопи;Пловдив
47305;с.;Марково;Братя Даскалови;Стара Загора
47319;с.;Марково;Каспичан;Шумен
47322;с.;Марково равнище;Роман;Враца
47336;гр.;Мартен;Русе;Русе
47342;с.;Мартино;Кърджали;Кърджали
47353;с.;Мартиново;Чипровци;Монтана
47370;с.;Марулево;Благоевград;Благоевград
47384;с.;Маруцековци;Трявна;Габрово
47408;с.;Марчево;Гърмен;Благоевград
47411;с.;Марчино;Попово;Търговище
47425;с.;Марян;Елена;Велико Търново
47439;с.;Масларево;Полски Тръмбеш;Велико Търново
47442;с.;Маслиново;Хасково;Хасково
47456;с.;Матешовци;Трявна;Габрово
47468;с.;Маточина;Свиленград;Хасково
47473;с.;Махалата;Струмяни;Благоевград
47487;с.;Махалници;Елена;Велико Търново
47500;с.;Маца;Раднево;Стара Загора
47528;с.;Медвен;Котел;Сливен
47531;с.;Медевци;Кирково;Кърджали
47545;с.;Меден бук;Ивайловград;Хасково
47559;с.;Медени поляни;Сърница;Пазарджик
47562;с.;Меден кладенец;Тунджа;Ямбол
47583;с.;Медешевци;Грамада;Видин
47593;с.;Медковец;Медковец;Монтана
47603;с.;Медникарово;Гълъбово;Стара Загора
47617;с.;Медовене;Кубрат;Разград
47620;с.;Медовец;Дългопол;Варна
47634;с.;Медовина;Попово;Търговище
47648;с.;Медовница;Димово;Видин
47651;с.;Медово;Поморие;Бургас
47665;с.;Медово;Братя Даскалови;Стара Загора
47679;с.;Медово;Добрич-селска;Добрич
47682;с.;Межда;Тунджа;Ямбол
47696;с.;Межден;Дулово;Силистра
47706;с.;Междени;Габрово;Габрово
47714;гр.;Мездра;Мездра;Враца
47723;с.;Мездрея;Берковица;Монтана
47737;с.;Мезек;Свиленград;Хасково
47754;гр.;Мелник;Сандански;Благоевград
47768;с.;Мелница;Елхово;Ямбол
47771;с.;Меляне;Георги Дамяново;Монтана
47785;с.;Менгишево;Върбица;Шумен
47799;с.;Мендово;Петрич;Благоевград
47809;с.;Теменуга;Ардино;Кърджали
47812;с.;Мененкьово;Белово;Пазарджик
47826;с.;Мерданя;Лясковец;Велико Търново
47843;гр.;Меричлери;Димитровград;Хасково
47857;с.;Места;Банско;Благоевград
47860;с.;Метлика;Крумовград;Кърджали
47874;с.;Метличина;Вълчи дол;Варна
47888;с.;Метличина;Кирково;Кърджали
47891;с.;Метличка;Кирково;Кърджали
47901;с.;Методиево;Добрич-селска;Добрич
47915;с.;Методиево;Върбица;Шумен
47929;с.;Метохия;Трекляно;Кюстендил
47963;с.;Мечка;Плевен;Плевен
47977;с.;Мечка;Иваново;Русе
47980;с.;Мечкарево;Сливен;Сливен
47994;с.;Мечковица;Габрово;Габрово
48009;с.;Мечковци;Ихтиман;София
48012;с.;Мечкул;Симитли;Благоевград
48026;с.;Мечово;Антоново;Търговище
48037;с.;Мещица;Перник;Перник
48043;гр.;Мизия;Мизия;Враца
48057;с.;Мийковци;Елена;Велико Търново
48060;с.;Микре;Угърчин;Ловеч
48074;с.;Миладиново;Кърджали;Кърджали
48088;с.;Миладиновци;Добрич-селска;Добрич
48091;с.;Миладиновци;Търговище;Търговище
48101;с.;Миладиновци;Тунджа;Ямбол
48129;с.;Миланово;Своге;София
48132;с.;Миланово;Велики Преслав;Шумен
48146;с.;Миле;Мадан;Смолян
48152;с.;Милево;Садово;Пловдив
48163;с.;Елхово;Николаево;Стара Загора
48177;с.;Милевци;Трявна;Габрово
48194;с.;Милино;Антоново;Търговище
48204;с.;Милковица;Гулянци;Плевен
48218;с.;Милково;Смолян;Смолян
48235;с.;Милковци;Габрово;Габрово
48249;с.;Милкьовци;Трън;Перник
48252;с.;Милославци;Трън;Перник
48266;с.;Милчина лъка;Грамада;Видин
48278;с.;Миндя;Велико Търново;Велико Търново
48283;с.;Миневци;Елена;Велико Търново
48297;с.;Минерални бани;Минерални бани;Хасково
48307;с.;Минзухар;Черноочене;Кърджали
48324;с.;Мирково;Мирково;София
48338;с.;Мировец;Търговище;Търговище
48341;с.;Мирово;Стражица;Велико Търново
48355;с.;Вратца;Кюстендил;Кюстендил
48369;с.;Мирово;Ихтиман;София
48372;с.;Мирово;Братя Даскалови;Стара Загора
48386;с.;Мировци;Нови пазар;Шумен
48393;с.;Мировяне;Столична;София (столица)
48409;с.;Миролюбово;Бургас;Бургас
48430;с.;Мирчовци;Елена;Велико Търново
48444;с.;Мирянци;Пазарджик;Пазарджик
48458;с.;Митино;Петрич;Благоевград
48461;с.;Митовска;Мадан;Смолян
48475;с.;Митровци;Чипровци;Монтана
48489;гр.;Монтана;Монтана;Монтана
48492;с.;Михайлово;Хайредин;Враца
48502;с.;Михайлово;Стара Загора;Стара Загора
48516;с.;Михайловци;Габрово;Габрово
48524;с.;Михалич;Вълчи дол;Варна
48533;с.;Михалич;Свиленград;Хасково
48547;с.;Михалково;Девин;Смолян
48550;с.;Михалци;Павликени;Велико Търново
48564;с.;Михилци;Хисаря;Пловдив
48578;с.;Михнево;Петрич;Благоевград
48581;с.;Миховци;Трявна;Габрово
48605;с.;Мичковци;Габрово;Габрово
48619;гр.;Царево;Царево;Бургас
48622;с.;Мишевско;Джебел;Кърджали
48636;с.;Мишеморков хан;Велико Търново;Велико Търново
48653;с.;Млада гвардия;Ветрино;Варна
48667;с.;Младежко;Малко Търново;Бургас
48670;с.;Младен;Севлиево;Габрово
48698;с.;Младиново;Свиленград;Хасково
48708;с.;Младово;Сливен;Сливен
48711;с.;Мламолово;Бобов дол;Кюстендил
48725;с.;Млекарево;Нова Загора;Сливен
48742;с.;Млечево;Севлиево;Габрово
48756;с.;Млечино;Ардино;Кърджали
48765;с.;Могила;Стара Загора;Стара Загора
48773;с.;Могила;Каспичан;Шумен
48787;с.;Могила;Тунджа;Ямбол
48790;с.;Могилец;Омуртаг;Търговище
48800;с.;Могилите;Трявна;Габрово
48814;с.;Могилица;Смолян;Смолян
48828;с.;Могилище;Каварна;Добрич
48831;с.;Могилово;Чирпан;Стара Загора
48845;с.;Могиляне;Кирково;Кърджали
48859;с.;Мокреш;Вълчедръм;Монтана
48862;с.;Мокреш;Велики Преслав;Шумен
48876;с.;Мокрище;Пазарджик;Пазарджик
48903;с.;Момина клисура;Белово;Пазарджик
48917;с.;Момина сълза;Момчилград;Кърджали
48920;с.;Момино;Търговище;Търговище
48934;с.;Момино;Хасково;Хасково
48948;с.;Момино село;Раковски;Пловдив
48951;с.;Момин сбор;Велико Търново;Велико Търново
48965;с.;Моминско;Садово;Пловдив
48979;с.;Момково;Свиленград;Хасково
48982;с.;Царичино;Балчик;Добрич
48996;гр.;Момчилград;Момчилград;Кърджали
49000;с.;Момчилово;Ветрино;Варна
49014;с.;Момчиловци;Смолян;Смолян
49028;с.;Морава;Свищов;Велико Търново
49031;с.;Моравица;Мездра;Враца
49045;с.;Моравица;Антоново;Търговище
49059;с.;Моравка;Антоново;Търговище
49062;с.;Моровеците;Габрово;Габрово
49076;с.;Горно Черковище;Казанлък;Стара Загора
49093;с.;Мортагоново;Разград;Разград
49103;с.;Морянци;Крумовград;Кърджали
49117;с.;Московец;Карлово;Пловдив
49120;с.;Мост;Кърджали;Кърджали
49148;с.;Мостич;Велики Преслав;Шумен
49151;с.;Мостово;Асеновград;Пловдив
49165;с.;Мочуре;Рудозем;Смолян
49179;с.;Мощанец;Благоевград;Благоевград
49182;с.;Мракетинци;Трън;Перник
49196;с.;Мрамор;Трън;Перник
49206;с.;Мрамор;Столична;София (столица)
49219;с.;Мрамор;Тополовград;Хасково
49223;с.;Мраморен;Враца;Враца
49237;с.;Мрахори;Габрово;Габрово
49240;с.;Мраченик;Карлово;Пловдив
49254;с.;Мрежичко;Руен;Бургас
49268;с.;Мрежичко;Джебел;Кърджали
49271;с.;Мръзеци;Трявна;Габрово
49285;с.;Мугла;Смолян;Смолян
49299;с.;Музга;Габрово;Габрово
49309;с.;Мулдава;Асеновград;Пловдив
49312;с.;Рупите;Петрич;Благоевград
49326;с.;Мурга;Черноочене;Кърджали
49334;с.;Мургаш;Годеч;София
49343;с.;Мургово;Кърджали;Кърджали
49357;с.;Мурено;Земен;Перник
49360;с.;Мурсалево;Кочериново;Кюстендил
49374;с.;Муртинци;Брезник;Перник
49388;с.;Мусачево;Елин Пелин;София
49391;с.;Мусачево;Гълъбово;Стара Загора
49401;с.;Мусево;Ардино;Кърджали
49415;с.;Муселиево;Никопол;Плевен
49429;с.;Мусина;Павликени;Велико Търново
49432;с.;Мосомище;Гоце Делчев;Благоевград
49446;с.;Мустрак;Свиленград;Хасково
49450;с.;Мухово;Ихтиман;София
49463;с.;Муця;Дряново;Габрово
49477;с.;Мъглен;Айтос;Бургас
49480;с.;Мъглене;Кирково;Кърджали
49494;гр.;Мъглиж;Мъглиж;Стара Загора
49504;с.;Мъглища;Мадан;Смолян
49518;с.;Мъдрево;Кубрат;Разград
49521;с.;Мъдрец;Кърджали;Кърджали
49535;с.;Мъдрец;Гълъбово;Стара Загора
49549;с.;Мъдрино;Карнобат;Бургас
49566;с.;Мърводол;Невестино;Кюстендил
49583;с.;Мъртвината;Елена;Велико Търново
49597;с.;Мърчаево;Столична;София (столица)
49607;с.;Мърчево;Бойчиновци;Монтана
49624;с.;Мътеница;Хисаря;Пловдив
49641;с.;Малки Искър;Етрополе;София
49655;с.;Малуша;Габрово;Габрово
49686;с.;Микрево;Струмяни;Благоевград
49998;с.;Малък дол;Братя Даскалови;Стара Загора
50245;гр.;Момин проход;Костенец;София
50512;с.;Малко Йонково;Исперих;Разград
51010;с.;Навъсен;Симеоновград;Хасково
51024;с.;Надарево;Търговище;Търговище
51038;с.;Надарци;Смолян;Смолян
51041;с.;Надежден;Харманли;Хасково
51055;с.;Преображенци;Руен;Бургас
51069;с.;Найден Герово;Съединение;Пловдив
51072;с.;Найденово;Братя Даскалови;Стара Загора
51086;с.;Нане;Кирково;Кърджали
51097;с.;Нановица;Момчилград;Кърджали
51127;с.;Нареченски бани;Асеновград;Пловдив
51130;с.;Насалевци;Трън;Перник
51158;с.;Наум;Каолиново;Шумен
51161;с.;Научене;Нова Загора;Сливен
51175;с.;Нацовци;Велико Търново;Велико Търново
51189;с.;Начево;Драгоман;София
51192;с.;Небеска;Черноочене;Кърджали
51202;с.;Невестино;Карнобат;Бургас
51216;с.;Невестино;Невестино;Кюстендил
51233;с.;Невша;Ветрино;Варна
51250;с.;Негован;Столична;София (столица)
51264;с.;Неговановци;Ново село;Видин
51278;с.;Негованци;Радомир;Перник
51281;с.;Негушево;Горна Малина;София
51295;с.;Недан;Павликени;Велико Търново
51305;с.;Неделево;Съединение;Пловдив
51319;гр.;Неделино;Неделино;Смолян
51322;с.;Неделище;Драгоман;София
51336;с.;Неделкова Гращица;Невестино;Кюстендил
51343;с.;Неделково;Трън;Перник
51353;с.;Недоклан;Разград;Разград
51367;с.;Недялковци;Елена;Велико Търново
51370;с.;Недялковци;Трявна;Габрово
51384;с.;Недялско;Стралджа;Ямбол
51398;с.;Нейково;Котел;Сливен
51408;с.;Нейково;Каварна;Добрич
51411;с.;Нейкьовец;Ихтиман;София
51439;с.;Нейчовци;Дряново;Габрово
51442;с.;Ненково;Кърджали;Кърджали
51456;с.;Неново;Провадия;Варна
51469;с.;Неновци;Трявна;Габрово
51473;с.;Неофит Бозвелиево;Момчилград;Кърджали
51487;с.;Неофит Рилски;Ветрино;Варна
51490;с.;Непразненци;Брезник;Перник
51500;гр.;Несебър;Несебър;Бургас
51514;с.;Несла;Драгоман;София
51528;с.;Нефела;Враца;Враца
51531;с.;Нешевци;Елена;Велико Търново
51559;с.;Нивянин;Борован;Враца
51562;с.;Никачковци;Трявна;Габрово
51584;с.;Николаевка;Суворово;Варна
51593;с.;Николаево;Стражица;Велико Търново
51603;с.;Николаево;Трявна;Габрово
51617;с.;Николаево;Радомир;Перник
51620;с.;Николаево;Плевен;Плевен
51634;с.;Николаево;Сливен;Сливен
51648;гр.;Николаево;Николаево;Стара Загора
51651;с.;Никола Козлево;Никола Козлево;Шумен
51665;с.;Николово;Монтана;Монтана
51679;с.;Николово;Русе;Русе
51682;с.;Николово;Хасково;Хасково
51696;с.;Николовци;Елена;Велико Търново
51706;с.;Николчовци;Елена;Велико Търново
51715;с.;Николчовци;Габрово;Габрово
51723;гр.;Никопол;Никопол;Плевен
51737;с.;Никудин;Струмяни;Благоевград
51740;с.;Никюп;Велико Търново;Велико Търново
51768;с.;Нисово;Иваново;Русе
51771;с.;Ничовци;Елена;Велико Търново
51785;с.;Нова бяла река;Върбица;Шумен
51799;с.;Нова Върбовка;Стражица;Велико Търново
51809;гр.;Нова Загора;Нова Загора;Сливен
51812;с.;Нова Камена;Тервел;Добрич
51826;с.;Новаково;Аксаково;Варна
51830;с.;Новаково;Асеновград;Пловдив
51843;с.;Новаковци;Габрово;Габрово
51857;с.;Нова ливада;Ивайловград;Хасково
51860;с.;Нова Ловча;Хаджидимово;Благоевград
51874;с.;Нова махала;Батак;Пазарджик
51888;с.;Нова махала;Николаево;Стара Загора
51891;с.;Нова Надежда;Хасково;Хасково
51901;с.;Нова Попина;Ситово;Силистра
51929;с.;Новачево;Сливен;Сливен
51932;с.;Новачене;Никопол;Плевен
51946;с.;Новачене;Ботевград;София
51956;с.;Нова Черна;Тутракан;Силистра
51963;с.;Нова Шипка;Долни чифлик;Варна
51977;с.;Новград;Ценово;Русе
51980;гр.;Стамболийски;Стамболийски;Пловдив
51994;с.;Нови пазар;Черноочене;Кърджали
52009;гр.;Нови пазар;Нови пазар;Шумен
52012;с.;Нови хан;Елин Пелин;София
52026;с.;Нови чифлик;Кюстендил;Кюстендил
52038;с.;Ново Ботево;Добрич-селска;Добрич
52043;с.;Ново бърдо;Драгоман;София
52057;с.;Новогорци;Златарица;Велико Търново
52060;с.;Ново градище;Стражица;Велико Търново
52074;с.;Ново Делчево;Сандански;Благоевград
52088;с.;Ново Железаре;Хисаря;Пловдив
52091;с.;Ново Кономлади;Петрич;Благоевград
52101;с.;Ново Лески;Хаджидимово;Благоевград
52115;с.;Ново Оряхово;Долни чифлик;Варна
52129;с.;Ново Паничарево;Приморско;Бургас
52132;с.;Новосел;Шумен;Шумен
52146;с.;Новоселец;Нова Загора;Сливен
52153;с.;Новоселище;Черноочене;Кърджали
52177;с.;Ново село;Велико Търново;Велико Търново
52180;с.;Ново село;Ново село;Видин
52194;с.;Ново село;Кюстендил;Кюстендил
52218;гр.;Априлци;Априлци;Ловеч
52221;с.;Ново село;Стамболийски;Пловдив
52235;с.;Ново село;Русе;Русе
52249;с.;Ново село;Самоков;София
52252;с.;Ново село;Стара Загора;Стара Загора
52279;с.;Константиново;Камено;Бургас
52283;с.;Новоселци;Видин;Видин
52297;с.;Новоселяне;Бобов дол;Кюстендил
52307;с.;Ново Ходжово;Сандански;Благоевград
52310;с.;Ново Янково;Смядово;Шумен
52324;с.;Ноевци;Брезник;Перник
52338;с.;Ножарево;Главиница;Силистра
52341;с.;Ножарово;Самуил;Разград
52355;с.;Ножерите;Трявна;Габрово
52369;с.;Носеите;Трявна;Габрово
52372;с.;Ночево;Черноочене;Кърджали
52386;с.;Нюшковци;Елена;Велико Търново
52400;с.;Николичевци;Кюстендил;Кюстендил
53014;с.;Обединение;Полски Тръмбеш;Велико Търново
53031;с.;Обел;Благоевград;Благоевград
53045;гр.;Обзор;Несебър;Бургас
53059;с.;Обидим;Банско;Благоевград
53062;с.;Обител;Омуртаг;Търговище
53076;с.;Обичник;Момчилград;Кърджали
53089;с.;Обнова;Левски;Плевен
53093;с.;Оборище;Вълчи дол;Варна
53103;с.;Оборище;Панагюрище;Пазарджик
53117;с.;Обретеник;Борово;Русе
53120;с.;Оброчище;Балчик;Добрич
53134;с.;Обручище;Гълъбово;Стара Загора
53148;с.;Овен;Дулово;Силистра
53151;с.;Овощарци;Габрово;Габрово
53165;с.;Овощна;Златарица;Велико Търново
53179;с.;Овощник;Казанлък;Стара Загора
53182;с.;Овчага;Провадия;Варна
53196;с.;Овча могила;Свищов;Велико Търново
53206;с.;Овчари;Крумовград;Кърджали
53210;с.;Овчарово;Добрич-селска;Добрич
53223;с.;Овчарово;Търговище;Търговище
53237;с.;Овчарово;Харманли;Хасково
53240;с.;Овчарово;Шумен;Шумен
53254;с.;Овчарци;Сапарева баня;Кюстендил
53268;с.;Овчарци;Раднево;Стара Загора
53271;с.;Овчево;Джебел;Кърджали
53285;с.;Овчеполци;Пазарджик;Пазарджик
53299;с.;Овчи кладенец;Тунджа;Ямбол
53309;с.;Оглед;Рудозем;Смолян
53312;с.;Огнен;Карнобат;Бургас
53326;с.;Огняново;Гърмен;Благоевград
53335;с.;Огняново;Пазарджик;Пазарджик
53343;с.;Огняново;Елин Пелин;София
53357;с.;Огняново;Крушари;Добрич
53374;с.;Огоя;Своге;София
53388;с.;Оградна;Неделино;Смолян
53391;с.;Огражден;Генерал Тошево;Добрич
53401;с.;Одоровци;Брусарци;Монтана
53415;с.;Одраница;Земен;Перник
53429;с.;Одринци;Ивайловград;Хасково
53432;с.;Одринци;Добрич-селска;Добрич
53446;с.;Одърне;Пордим;Плевен
53450;с.;Одърци;Добрич-селска;Добрич
53463;с.;Озърновци;Брезник;Перник
53477;с.;Околиите;Трявна;Габрово
53480;с.;Окоп;Тунджа;Ямбол
53494;с.;Окорш;Дулово;Силистра
53504;с.;Оман;Болярово;Ямбол
53518;с.;Омарчево;Нова Загора;Сливен
53521;с.;Омарчево;Каолиново;Шумен
53535;гр.;Омуртаг;Омуртаг;Търговище
53549;с.;Оногур;Тервел;Добрич
53552;гр.;Опака;Опака;Търговище
53576;с.;Опан;Опан;Стара Загора
53583;с.;Опанец;Плевен;Плевен
53597;с.;Опанец;Добрич-селска;Добрич
53607;с.;Опицвет;Костинброд;София
53610;с.;Оплетня;Своге;София
53624;с.;Опълченец;Братя Даскалови;Стара Загора
53638;с.;Опълченско;Кърджали;Кърджали
53641;с.;Орач;Антоново;Търговище
53655;с.;Ореховица;Долна Митрополия;Плевен
53669;с.;Орехово;Чепеларе;Смолян
53672;с.;Ореш;Свищов;Велико Търново
53691;с.;Орешак;Аксаково;Варна
53707;с.;Орешак;Троян;Ловеч
53713;с.;Орешари;Крумовград;Кърджали
53727;с.;Ореше;Гърмен;Благоевград
53730;с.;Орешене;Ябланица;Ловеч
53744;с.;Орешене;Дулово;Силистра
53758;с.;Орешец;Димово;Видин
53761;с.;Орешец;Асеновград;Пловдив
53775;с.;Орешец;Харманли;Хасково
53789;с.;Орешино;Ивайловград;Хасково
53792;с.;Орешец;Смолян;Смолян
53802;с.;Орешник;Тополовград;Хасково
53816;с.;Орешница;Кърджали;Кърджали
53822;с.;Оризаре;Несебър;Бургас
53833;с.;Оризари;Родопи;Пловдив
53847;с.;Оризари;Твърдица;Сливен
53850;с.;Оризово;Братя Даскалови;Стара Загора
53878;с.;Орлица;Кирково;Кърджали
53881;с.;Орлова могила;Добрич-селска;Добрич
53895;с.;Орлов дол;Тополовград;Хасково
53905;с.;Орловец;Полски Тръмбеш;Велико Търново
53919;с.;Орлово;Котел;Сливен
53936;с.;Орлово;Хасково;Хасково
53948;с.;Орловци;Габрово;Габрово
53953;с.;Орляк;Тервел;Добрич
53967;с.;Орляне;Угърчин;Ловеч
53970;с.;Орсоя;Лом;Монтана
53984;с.;Орлинци;Средец;Бургас
53998;с.;Орцево;Белица;Благоевград
54002;с.;Оряховец;Баните;Смолян
54016;с.;Оряховица;Стара Загора;Стара Загора
54020;гр.;Оряхово;Оряхово;Враца
54033;с.;Оряхово;Любимец;Хасково
54047;с.;Оселна;Мездра;Враца
54050;с.;Оселна;Етрополе;София
54064;с.;Осен;Криводол;Враца
54078;с.;Осен;Главиница;Силистра
54081;с.;Осен;Търговище;Търговище
54095;с.;Осенарите;Велико Търново;Велико Търново
54105;с.;Осенец;Разград;Разград
54119;с.;Осеновец;Венец;Шумен
54122;с.;Осеновлаг;Своге;София
54136;с.;Осеново;Банско;Благоевград
54145;с.;Осеново;Аксаково;Варна
54153;с.;Осетеново;Павел баня;Стара Загора
54170;с.;Осиковица;Правец;София
54184;с.;Осиково;Гърмен;Благоевград
54198;с.;Осиково;Девин;Смолян
54208;с.;Осиково;Попово;Търговище
54211;с.;Осиковска Лакавица;Правец;София
54225;с.;Осина;Сатовча;Благоевград
54242;с.;Осларка;Чирпан;Стара Загора
54256;с.;Ослен Криводол;Мездра;Враца
54260;с.;Рибарци;Ардино;Кърджали
54273;с.;Осмар;Велики Преслав;Шумен
54287;с.;Осоица;Горна Малина;София
54300;с.;Остра могила;Котел;Сливен
54314;с.;Остра могила;Стара Загора;Стара Загора
54345;с.;Острец;Търговище;Търговище
54359;с.;Остри пазлак;Смолян;Смолян
54362;с.;Острица;Две могили;Русе
54376;с.;Острица;Чепеларе;Смолян
54386;с.;Остров;Оряхово;Враца
54393;с.;Островец;Кирково;Кърджали
54403;с.;Островица;Кърджали;Кърджали
54417;с.;Острово;Завет;Разград
54420;с.;Островче;Разград;Разград
54434;с.;Острокапци;Димово;Видин
54448;с.;Остър камък;Харманли;Хасково
54451;с.;Отец Кирилово;Брезово;Пловдив
54465;с.;Отец Паисиево;Калояново;Пловдив
54479;с.;Охлювец;Кърджали;Кърджали
54482;с.;Оходен;Враца;Враца
54496;с.;Охрид;Бойчиновци;Монтана
54506;с.;Очиндол;Мездра;Враца
54517;с.;Ошане;Белоградчик;Видин
54523;с.;Ошаните;Трявна;Габрово
54537;с.;Ощава;Кресна;Благоевград
54554;с.;Очуша;Костенец;София
54821;с.;Орех;Крумовград;Кърджали
55018;с.;Павел;Полски Тръмбеш;Велико Търново
55021;гр.;Павел баня;Павел баня;Стара Загора
55035;с.;Павелско;Чепеларе;Смолян
55049;с.;Павлевци;Трявна;Габрово
55052;гр.;Павликени;Павликени;Велико Търново
55070;с.;Паволче;Враца;Враца
55083;с.;Падала;Рила;Кюстендил
55097;с.;Падало;Крумовград;Кърджали
55107;с.;Падеш;Благоевград;Благоевград
55110;с.;Падина;Девня;Варна
55124;с.;Падина;Ардино;Кърджали
55138;с.;Падина;Главиница;Силистра
55141;с.;Падине;Земен;Перник
55155;гр.;Пазарджик;Пазарджик;Пазарджик
55169;с.;Пазарци;Момчилград;Кърджали
55186;с.;Паисиево;Дулово;Силистра
55196;с.;Паисий;Горна Оряховица;Велико Търново
55201;с.;Пайдушко;Търговище;Търговище
55213;с.;Паламарца;Попово;Търговище
55227;с.;Палат;Струмяни;Благоевград
55230;с.;Палатово;Дупница;Кюстендил
55244;с.;Палаузово;Стралджа;Ямбол
55258;с.;Палилула;Бойчиновци;Монтана
55261;с.;Палици;Елена;Велико Търново
55275;с.;Памидово;Лесичово;Пазарджик
55289;с.;Памукчии;Стара Загора;Стара Загора
55292;с.;Памукчии;Нови пазар;Шумен
55302;гр.;Панагюрище;Панагюрище;Пазарджик
55316;с.;Панайот Волово;Шумен;Шумен
55327;с.;Панайот Хитово;Омуртаг;Търговище
55333;с.;Панаретовци;Сливен;Сливен
55350;с.;Паницово;Несебър;Бургас
55364;с.;Паничарево;Бобов дол;Кюстендил
55378;с.;Паничери;Хисаря;Пловдив
55381;с.;Паничино;Омуртаг;Търговище
55395;с.;Паничково;Черноочене;Кърджали
55405;с.;Пановци;Ихтиман;София
55419;с.;Панчарево;Столична;София (столица)
55422;с.;Панчево;Кърджали;Кърджали
55436;с.;Папрат;Джебел;Кърджали
55442;с.;Папратлива;Елена;Велико Търново
55453;с.;Парамун;Трън;Перник
55467;с.;Парил;Хаджидимово;Благоевград
55470;с.;Партизани;Дългопол;Варна
55484;с.;Партизанин;Братя Даскалови;Стара Загора
55498;с.;Парчовци;Габрово;Габрово
55508;с.;Паскалевец;Павликени;Велико Търново
55511;с.;Паскалево;Добрич-селска;Добрич
55525;с.;Паспал;Ардино;Кърджали
55539;с.;Пастра;Рила;Кюстендил
55542;с.;Пастух;Невестино;Кюстендил
55556;с.;Паталеница;Пазарджик;Пазарджик
55568;с.;Патица;Черноочене;Кърджали
55573;с.;Патреш;Павликени;Велико Търново
55587;с.;Патрешко;Троян;Ловеч
55590;с.;Патриарх Евтимово;Асеновград;Пловдив
55600;с.;Пауново;Ихтиман;София
55614;с.;Пашинци;Крумовград;Кърджали
55628;с.;Пашкул;Ивайловград;Хасково
55631;с.;Пашови;Велинград;Пазарджик
55645;с.;Пашово;Свиленград;Хасково
55662;с.;Певец;Търговище;Търговище
55676;с.;Певците;Карлово;Пловдив
55693;с.;Пейковци;Елена;Велико Търново
55703;с.;Пейна;Дряново;Габрово
55717;с.;Пейовци;Габрово;Габрово
55720;с.;Пейчиново;Бяла;Русе
55734;с.;Пелатиково;Невестино;Кюстендил
55748;с.;Плевун;Ивайловград;Хасково
55751;с.;Пелин;Крумовград;Кърджали
55765;с.;Пелишат;Плевен;Плевен
55782;гр.;Искър;Искър;Плевен
55796;с.;Пенковци;Габрово;Габрово
55814;с.;Пенкьовци;Трън;Перник
55823;с.;Пеньово;Кърджали;Кърджали
55837;с.;Пепелина;Две могили;Русе
55840;с.;Пепелище;Кърджали;Кърджали
55868;с.;Периловец;Бойница;Видин
55871;гр.;Перник;Перник;Перник
55885;с.;Перперек;Кърджали;Кърджали
55899;с.;Перуника;Крумовград;Кърджали
55909;гр.;Перущица;Перущица;Пловдив
55912;с.;Песнопой;Ардино;Кърджали
55926;с.;Песнопой;Калояново;Пловдив
55930;с.;Песочница;Берковица;Монтана
55960;с.;Петелово;Черноочене;Кърджали
55988;с.;Пет кладенци;Бяла;Русе
55991;с.;Петково;Смолян;Смолян
56006;с.;Петково;Елин Пелин;София
56011;с.;Петковци;Елена;Велико Търново
56023;с.;Петковци;Дряново;Габрово
56037;с.;Петко Славейков;Севлиево;Габрово
56040;с.;Петлешково;Генерал Тошево;Добрич
56054;с.;Петлино;Кърджали;Кърджали
56068;с.;Пет могили;Нова Загора;Сливен
56071;с.;Пет могили;Никола Козлево;Шумен
56085;с.;Петокладенци;Белене;Плевен
56099;с.;Петревене;Луковит;Ловеч
56109;с.;Петрелик;Хаджидимово;Благоевград
56112;с.;Петрино;Омуртаг;Търговище
56126;гр.;Петрич;Петрич;Благоевград
56137;с.;Петрич;Златица;София
56143;с.;Петров дол;Провадия;Варна
56157;с.;Петров дол;Мадан;Смолян
56174;с.;Петрово;Сандански;Благоевград
56188;с.;Петрово;Стара Загора;Стара Загора
56191;с.;Петровци;Габрово;Габрово
56201;с.;Петърница;Долни Дъбник;Плевен
56215;с.;Петърч;Костинброд;София
56229;с.;Пецовци;Габрово;Габрово
56232;с.;Печеница;Исперих;Разград
56246;с.;Печинска;Мадан;Смолян
56252;с.;Пешаково;Видин;Видин
56277;гр.;Пещера;Пещера;Пазарджик
56280;с.;Пещера;Земен;Перник
56294;с.;Пещера;Смолян;Смолян
56304;с.;Генчовци;Трявна;Габрово
56318;с.;Пещерна;Луковит;Ловеч
56321;с.;Пещерско;Айтос;Бургас
56335;с.;Буково;Първомай;Пловдив
56349;с.;Пиперево;Дупница;Кюстендил
56352;с.;Пиперица;Сандански;Благоевград
56366;с.;Пиперково;Ценово;Русе
56378;с.;Пиперков чифлик;Кюстендил;Кюстендил
56383;с.;Пирамидата;Велико Търново;Велико Търново
56397;с.;Пиргово;Иваново;Русе
56407;гр.;Пирдоп;Пирдоп;София
56410;с.;Пирин;Сандански;Благоевград
56424;с.;Пиринец;Антоново;Търговище
56438;с.;Пирне;Айтос;Бургас
56441;с.;Писанец;Ветово;Русе
56455;с.;Писаница;Смолян;Смолян
56472;с.;Писарево;Горна Оряховица;Велико Търново
56486;с.;Писарево;Нови пазар;Шумен
56493;с.;Писарово;Искър;Плевен
56509;с.;Писарово;Генерал Тошево;Добрич
56513;с.;Писменово;Приморско;Бургас
56527;с.;Питово;Нова Загора;Сливен
56544;с.;Пишурка;Медковец;Монтана
56558;с.;Пищане;Сливница;София
56561;с.;Пищигово;Пазарджик;Пазарджик
56575;с.;Пиявец;Момчилград;Кърджали
56589;с.;Плазище;Джебел;Кърджали
56602;с.;Плаково;Велико Търново;Велико Търново
56616;с.;Плакудер;Видин;Видин
56624;с.;Плана;Столична;София (столица)
56633;с.;Планинец;Ивайловград;Хасково
56647;с.;Планиница;Руен;Бургас
56650;с.;Планиница;Перник;Перник
56664;с.;Планиново;Тополовград;Хасково
56678;с.;Планинци;Трявна;Габрово
56681;с.;Планинци;Мадан;Смолян
56695;с.;Плачидол;Добрич-селска;Добрич
56705;с.;Плачка;Дряново;Габрово
56719;гр.;Плачковци;Трявна;Габрово
56722;гр.;Плевен;Плевен;Плевен
56736;с.;Пленимир;Генерал Тошево;Добрич
56740;с.;Плетена;Сатовча;Благоевград
56753;с.;Плешивец;Ружинци;Видин
56767;с.;Плешинци;Момчилград;Кърджали
56770;гр.;Плиска;Каспичан;Шумен
56784;гр.;Пловдив;Пловдив;Пловдив
56798;с.;Пловдивци;Рудозем;Смолян
56808;с.;Пловка;Кирково;Кърджали
56811;с.;Плодовитово;Братя Даскалови;Стара Загора
56825;с.;Плоска могила;Стара Загора;Стара Загора
56839;с.;Плоски;Сандански;Благоевград
56842;с.;Плъзище;Мирково;София
56856;с.;Плъстина;Омуртаг;Търговище
56865;с.;Победа;Долна Митрополия;Плевен
56873;с.;Победа;Тунджа;Ямбол
56887;с.;Побит камък;Трекляно;Кюстендил
56890;с.;Побит камък;Разград;Разград
56900;с.;Побък;Трявна;Габрово
56914;с.;Повалиръж;Сливница;София
56928;с.;Повет;Кърджали;Кърджали
56945;с.;Подайва;Исперих;Разград
56959;с.;Подвис;Сунгурларе;Бургас
56962;с.;Подвис;Смолян;Смолян
56976;с.;Подвръх;Джебел;Кърджали
56980;с.;Подгоре;Макреш;Видин
56993;с.;Подгорие;Костенец;София
57008;с.;Подгорица;Търговище;Търговище
57011;с.;Подгумер;Столична;София (столица)
57025;с.;Подем;Долна Митрополия;Плевен
57039;с.;Подкова;Кирково;Кърджали
57042;с.;Подкрепа;Хасково;Хасково
57056;с.;Подлес;Главиница;Силистра
57062;с.;Подрумче;Крумовград;Кърджали
57073;с.;Подслон;Стара Загора;Стара Загора
57087;с.;Подслон;Добрич-селска;Добрич
57090;с.;Пожарево;Тутракан;Силистра
57100;с.;Пожарево;Божурище;София
57114;с.;Пожерник;Велико Търново;Велико Търново
57128;с.;Поибрене;Панагюрище;Пазарджик
57131;с.;Покрайна;Видин;Видин
57145;с.;Покрован;Ивайловград;Хасково
57159;с.;Покровник;Благоевград;Благоевград
57162;с.;Полена;Симитли;Благоевград
57176;с.;Поленица;Сандански;Благоевград
57188;с.;Полетинци;Кюстендил;Кюстендил
57193;с.;Полетковци;Кула;Видин
57203;с.;Полето;Симитли;Благоевград
57217;с.;Поликраище;Горна Оряховица;Велико Търново
57234;с.;Полковник Дяково;Крушари;Добрич
57248;с.;Полковник Желязово;Крумовград;Кърджали
57251;с.;Полковник Ламбриново;Силистра;Силистра
57265;с.;Полковник Савово;Тервел;Добрич
57279;с.;Полковник Свещарово;Добрич-селска;Добрич
57282;с.;Полковник Серафимово;Смолян;Смолян
57296;с.;Полковник Таслаково;Дулово;Силистра
57306;с.;Полковник Чолаково;Кайнарджа;Силистра
57319;с.;Полска Скакавица;Кюстендил;Кюстендил
57323;с.;Полски Градец;Раднево;Стара Загора
57337;с.;Полски извор;Камено;Бургас
57340;с.;Полски Сеновец;Полски Тръмбеш;Велико Търново
57354;гр.;Полски Тръмбеш;Полски Тръмбеш;Велико Търново
57368;с.;Полско Косово;Бяла;Русе
57371;с.;Полско Пъдарево;Нова Загора;Сливен
57385;с.;Поляна;Ситово;Силистра
57399;с.;Поляна;Рудозем;Смолян
57409;с.;Поляна;Стралджа;Ямбол
57412;с.;Полянец;Джебел;Кърджали
57426;с.;Поляново;Айтос;Бургас
57434;с.;Поляново;Харманли;Хасково
57443;с.;Полянци;Ихтиман;София
57457;с.;Поляците;Дългопол;Варна
57474;с.;Помеждин;Георги Дамяново;Монтана
57488;с.;Помен;Две могили;Русе
57491;гр.;Поморие;Поморие;Бургас
57501;с.;Помощица;Попово;Търговище
57515;с.;Помощник;Гълъбово;Стара Загора
57529;с.;Понор;Костинброд;София
57532;с.;Попари;Габрово;Габрово
57546;с.;Попгергевци;Трявна;Габрово
57550;с.;Попгригорово;Добрич-селска;Добрич
57563;с.;Попгруево;Тервел;Добрич
57577;с.;Попина;Ситово;Силистра
57580;с.;Попинци;Панагюрище;Пазарджик
57594;с.;Попица;Бяла Слатина;Враца
57604;с.;Попкралево;Силистра;Силистра
57618;с.;Поповец;Стамболово;Хасково
57621;с.;Поповица;Садово;Пловдив
57635;с.;Попович;Бяла;Варна
57649;гр.;Попово;Попово;Търговище
57652;с.;Попово;Болярово;Ямбол
57666;с.;Поповци;Велико Търново;Велико Търново
57675;с.;Поповци;Габрово;Габрово
57683;с.;Поповци;Ихтиман;София
57697;с.;Поповяне;Самоков;София
57707;с.;Попрайковци;Трявна;Габрово
57710;с.;Попрелка;Смолян;Смолян
57724;с.;Попрусаново;Кайнарджа;Силистра
57738;с.;Попрусевци;Елена;Велико Търново
57741;с.;Попска;Елена;Велико Търново
57755;с.;Попска;Севлиево;Габрово
57769;с.;Попско;Ивайловград;Хасково
57772;гр.;Пордим;Пордим;Плевен
57790;с.;Порой;Поморие;Бургас
57806;с.;Поройна;Първомай;Пловдив
57813;с.;Поройно;Дулово;Силистра
57827;с.;Поройно;Антоново;Търговище
57830;с.;Пороминово;Кочериново;Кюстендил
57844;с.;Портитовци;Бойчиновци;Монтана
57858;с.;Поручик Кърджиево;Крушари;Добрич
57861;с.;Поручик Чунчево;Каварна;Добрич
57875;с.;Посабина;Попово;Търговище
57889;с.;Посев;Кайнарджа;Силистра
57892;с.;Постник;Момчилград;Кърджали
57916;с.;Потока;Смолян;Смолян
57921;с.;Потоп;Елин Пелин;София
57933;с.;Поточарка;Крумовград;Кърджали
57947;с.;Поточе;Джебел;Кърджали
57950;с.;Поточница;Крумовград;Кърджали
57964;с.;Поцърненци;Радомир;Перник
57981;с.;Правда;Горна Оряховица;Велико Търново
57995;с.;Правда;Дулово;Силистра
58003;с.;Правдино;Стралджа;Ямбол
58013;с.;Правдолюб;Ардино;Кърджали
58027;с.;Правенци;Нови пазар;Шумен
58030;гр.;Правец;Правец;София
58044;с.;Правешка Лакавица;Правец;София
58058;с.;Правище;Съединение;Пловдив
58061;с.;Право бърдо;Петрич;Благоевград
58075;с.;Православ;Братя Даскалови;Стара Загора
58089;с.;Православен;Първомай;Пловдив
58092;с.;Праужда;Белоградчик;Видин
58102;с.;Прахали;Габрово;Габрово
58116;с.;Превала;Чипровци;Монтана
58129;с.;Преколница;Кюстендил;Кюстендил
58133;с.;Прекръсте;Драгоман;София
58147;с.;Прелез;Завет;Разград
58150;с.;Прелом;Ловеч;Ловеч
58178;с.;Пресека;Кирково;Кърджали
58181;с.;Преселенци;Генерал Тошево;Добрич
58195;с.;Преселец;Търговище;Търговище
58205;с.;Преселка;Нови пазар;Шумен
58219;с.;Пресиян;Търговище;Търговище
58222;гр.;Велики Преслав;Велики Преслав;Шумен
58236;с.;Преславен;Стара Загора;Стара Загора
58244;с.;Преславец;Харманли;Хасково
58253;с.;Преславци;Тутракан;Силистра
58267;с.;Преспа;Мирково;София
58270;с.;Преспа;Балчик;Добрич
58284;с.;Престой;Трявна;Габрово
58298;с.;Пресяк;Търговище;Търговище
58308;с.;Пресяка;Ловеч;Ловеч
58311;с.;Прибой;Радомир;Перник
58325;с.;Прилеп;Сунгурларе;Бургас
58339;с.;Прилеп;Добрич-селска;Добрич
58342;с.;Прилепци;Кърджали;Кърджали
58356;гр.;Приморско;Приморско;Бургас
58360;с.;Приморци;Добрич-селска;Добрич
58373;с.;Припек;Аксаково;Варна
58387;с.;Припек;Джебел;Кърджали
58390;с.;Генерал Тодоров;Петрич;Благоевград
58400;с.;Присад;Созопол;Бургас
58414;с.;Присад;Генерал Тошево;Добрич
58428;с.;Присадец;Тополовград;Хасково
58431;с.;Приселци;Несебър;Бургас
58445;с.;Приселци;Аврен;Варна
58459;с.;Присово;Велико Търново;Велико Търново
58476;с.;Присойна;Антоново;Търговище
58485;с.;Пристое;Каолиново;Шумен
58493;с.;Пробуда;Търговище;Търговище
58503;гр.;Провадия;Провадия;Варна
58517;с.;Проглед;Чепеларе;Смолян
58520;с.;Продановци;Велико Търново;Велико Търново
58548;с.;Продановци;Самоков;София
58551;с.;Проданча;Трън;Перник
58579;с.;Пролаз;Търговище;Търговище
58582;с.;Пролазница;Белоградчик;Видин
58596;с.;Пролез;Шабла;Добрич
58606;с.;Пролеша;Божурище;София
58616;с.;Пролом;Карлово;Пловдив
58623;с.;Пропаст;Кърджали;Кърджали
58637;с.;Просена;Русе;Русе
58640;с.;Просеник;Руен;Бургас
58654;с.;Просечен;Суворово;Варна
58668;с.;Просторно;Разград;Разград
58671;с.;Протопопинци;Чупрене;Видин
58685;с.;Професор Златарски;Тервел;Добрич
58699;с.;Професор Иширково;Силистра;Силистра
58709;с.;Прохлада;Дулово;Силистра
58712;с.;Проход;Средец;Бургас
58726;с.;Прохорово;Нова Загора;Сливен
58731;с.;Пряпорец;Черноочене;Кърджали
58743;с.;Пряпорец;Стара Загора;Стара Загора
58757;с.;Птичар;Момчилград;Кърджали
58774;с.;Птичево;Омуртаг;Търговище
58788;с.;Пудрия;Криводол;Враца
58791;с.;Пушево;Велико Търново;Велико Търново
58801;с.;Пчела;Елхово;Ямбол
58815;с.;Пчелари;Стамболово;Хасково
58829;с.;Пчеларово;Черноочене;Кърджали
58832;с.;Пчеларово;Генерал Тошево;Добрич
58857;с.;Пчелин;Сунгурларе;Бургас
58863;с.;Пчелин;Костенец;София
58877;с.;Пчелина;Самуил;Разград
58880;с.;Пчелино;Добрич-селска;Добрич
58894;с.;Пчелиново;Гурково;Стара Загора
58918;с.;Пчелище;Велико Търново;Велико Търново
58921;с.;Пчелник;Долни чифлик;Варна
58935;с.;Пчелник;Добрич-селска;Добрич
58949;с.;Пчелно;Антоново;Търговище
58952;с.;Пшеничево;Стара Загора;Стара Загора
58966;с.;Пъдарево;Котел;Сливен
58972;с.;Пъдарино;Омуртаг;Търговище
58983;с.;Пъдарско;Брезово;Пловдив
58997;с.;Пъдарци;Кърджали;Кърджали
59015;с.;Пънчево;Средец;Бургас
59029;с.;Първан;Омуртаг;Търговище
59032;с.;Първенец;Родопи;Пловдив
59046;с.;Първенец;Стралджа;Ямбол
59054;с.;Първенци;Кирково;Кърджали
59063;с.;Първица;Кирково;Кърджали
59077;с.;Първомай;Петрич;Благоевград
59080;гр.;Първомай;Първомай;Пловдив
59094;с.;Първомайци;Горна Оряховица;Велико Търново
59104;с.;Пържиграх;Трявна;Габрово
59118;с.;Пърличево;Берковица;Монтана
59121;с.;Пъровци;Велико Търново;Велико Търново
59135;с.;Пъртевци;Габрово;Габрово
59152;с.;Пърша;Дряново;Габрово
59166;с.;Пъстрен;Опан;Стара Загора
59170;с.;Пъстрово;Стара Загора;Стара Загора
59183;с.;Пъстрогор;Свиленград;Хасково
59197;с.;Пъстроок;Ивайловград;Хасково
59207;с.;Пътниково;Стамболово;Хасково
59210;с.;Пясъчево;Симеоновград;Хасково
59224;с.;Побит камък;Сърница;Пазарджик
59300;с.;Продановци;Габрово;Габрово
59313;с.;Планинско;Баните;Смолян
59327;с.;Поток;Габрово;Габрово
59330;с.;Палатик;Белица;Благоевград
59344;с.;Пресока;Златоград;Смолян
59358;с.;Паничище;Сапарева баня;Кюстендил
59361;с.;Прогрес;Момчилград;Кърджали
59375;с.;Панагюрски колонии;Панагюрище;Пазарджик
59402;с.;Полковник Минково;Добрич-селска;Добрич
59416;с.;Пороище;Разград;Разград
61011;с.;Рабиша;Белоградчик;Видин
61025;с.;Рабово;Стамболово;Хасково
61039;с.;Раброво;Бойница;Видин
61042;с.;Равадиново;Созопол;Бургас
61056;с.;Равда;Несебър;Бургас
61063;с.;Равен;Момчилград;Кърджали
61073;с.;Равна;Провадия;Варна
61090;с.;Равна;Чипровци;Монтана
61100;с.;Равна;Годеч;София
61114;с.;Равна гора;Созопол;Бургас
61128;с.;Равна гора;Аврен;Варна
61131;с.;Равна гора;Свиленград;Хасково
61145;с.;Равнец;Бургас;Бургас
61159;с.;Равнец;Генерал Тошево;Добрич
61162;с.;Равнил;Мадан;Смолян
61176;с.;Равнища;Мадан;Смолян
61189;с.;Равнище;Правец;София
61193;с.;Равнината;Рудозем;Смолян
61203;с.;Равно;Кубрат;Разград
61217;с.;Равново;Златарица;Велико Търново
61220;с.;Равногор;Брацигово;Пазарджик
61234;с.;Равно нивище;Мадан;Смолян
61248;с.;Равно поле;Елин Пелин;София
61251;с.;Равно село;Антоново;Търговище
61265;с.;Радан войвода;Вълчи дол;Варна
61279;с.;Раданово;Полски Тръмбеш;Велико Търново
61296;с.;Раданчето;Дряново;Габрово
61306;с.;Радево;Аксаково;Варна
61310;с.;Радево;Нова Загора;Сливен
61323;с.;Радевци;Трявна;Габрово
61340;с.;Радецки;Нова Загора;Сливен
61354;с.;Радибош;Радомир;Перник
61368;с.;Радиево;Димитровград;Хасково
61371;с.;Радилово;Пещера;Пазарджик
61385;с.;Радинград;Разград;Разград
61409;с.;Радино;Трявна;Габрово
61412;с.;Радиново;Марица;Пловдив
61426;с.;Радишево;Плевен;Плевен
61435;с.;Радковци;Велико Търново;Велико Търново
61443;с.;Радко Димитриево;Шумен;Шумен
61457;с.;Радловци;Кюстендил;Кюстендил
61460;гр.;Раднево;Раднево;Стара Загора
61488;с.;Радовене;Роман;Враца
61491;с.;Радовец;Тополовград;Хасково
61501;с.;Радово;Трън;Перник
61515;с.;Радовци;Елена;Велико Търново
61529;с.;Радовци;Дряново;Габрово
61546;с.;Радоевци;Трявна;Габрово
61563;с.;Радойново;Средец;Бургас
61577;гр.;Радомир;Радомир;Перник
61580;с.;Радомирци;Червен бряг;Плевен
61594;с.;Радотина;Ботевград;София
61604;с.;Радуил;Самоков;София
61618;с.;Радуй;Перник;Перник
61621;с.;Радуловци;Сливница;София
61635;с.;Радунци;Мъглиж;Стара Загора
61649;с.;Раевци;Трявна;Габрово
61652;с.;Разбоище;Годеч;София
61666;с.;Разбойна;Руен;Бургас
61676;с.;Разбойна;Търговище;Търговище
61697;с.;Развигорово;Хитрино;Шумен
61707;с.;Разград;Вълчедръм;Монтана
61710;гр.;Разград;Разград;Разград
61724;с.;Раздел;Дулово;Силистра
61738;с.;Раздел;Елхово;Ямбол
61741;с.;Разделна;Белослав;Варна
61755;с.;Разделна;Гълъбово;Стара Загора
61769;с.;Разделци;Антоново;Търговище
61772;с.;Раздол;Струмяни;Благоевград
61791;с.;Княжевско;Опан;Стара Загора
61807;с.;Разлив;Правец;София
61813;гр.;Разлог;Разлог;Благоевград
61830;с.;Разсоха;Златарица;Велико Търново
61844;с.;Райкова могила;Свиленград;Хасково
61861;с.;Райковци;Велико Търново;Велико Търново
61875;с.;Райнино;Исперих;Разград
61889;с.;Райново;Димитровград;Хасково
61892;с.;Райновци;Елена;Велико Търново
61902;с.;Райновци;Габрово;Габрово
61916;с.;Райнушковци;Трявна;Габрово
61922;с.;Райово;Самоков;София
61933;с.;Ракево;Криводол;Враца
61947;с.;Ракиловци;Ковачевци;Перник
61950;с.;Ракита;Червен бряг;Плевен
61964;с.;Ракита;Сливница;София
61978;с.;Ракитна;Симитли;Благоевград
61995;с.;Ракитница;Стара Загора;Стара Загора
62004;гр.;Ракитово;Ракитово;Пазарджик
62013;с.;Раклиново;Айтос;Бургас
62027;с.;Раклица;Карнобат;Бургас
62044;с.;Раковица;Макреш;Видин
62058;с.;Раково;Невестино;Кюстендил
62061;с.;Раково;Сливен;Сливен
62075;гр.;Раковски;Раковски;Пловдив
62089;с.;Раковски;Разград;Разград
62092;с.;Раковски;Каварна;Добрич
62102;с.;Раковсково;Несебър;Бургас
62116;с.;Ралево;Плевен;Плевен
62120;с.;Ралевци;Трявна;Габрово
62133;с.;Ралиновци;Елена;Велико Търново
62147;с.;Ралица;Момчилград;Кърджали
62164;с.;Ралица;Търговище;Търговище
62178;с.;Раличево;Крумовград;Кърджали
62181;с.;Раненци;Кюстендил;Кюстендил
62195;с.;Рани лист;Кърджали;Кърджали
62205;с.;Рани луг;Трън;Перник
62219;с.;Расник;Перник;Перник
62222;с.;Расово;Медковец;Монтана
62236;с.;Растник;Кирково;Кърджали
62245;с.;Раховци;Габрово;Габрово
62253;с.;Рачевци;Габрово;Габрово
62267;с.;Рачовци;Трявна;Габрово
62270;с.;Рашевци;Велико Търново;Велико Търново
62284;с.;Рашка Гращица;Невестино;Кюстендил
62298;с.;Рашково;Ботевград;София
62308;с.;Рашовите;Трявна;Габрово
62311;с.;Рашовица;Берковица;Монтана
62325;с.;Раювци;Елена;Велико Търново
62339;с.;Раяновци;Белоградчик;Видин
62342;с.;Раяновци;Драгоман;София
62356;с.;Раянци;Земен;Перник
62360;с.;Ребревци;Елена;Велико Търново
62373;с.;Ребро;Брезник;Перник
62387;с.;Реброво;Своге;София
62390;с.;Ребърково;Мездра;Враца
62400;с.;Редешковци;Габрово;Габрово
62414;с.;Редина;Своге;София
62428;с.;Режинци;Кюстендил;Кюстендил
62431;с.;Резач;Златарица;Велико Търново
62445;с.;Резбарци;Кърджали;Кърджали
62459;с.;Резово;Царево;Бургас
62462;с.;Река;Смолян;Смолян
62476;с.;Рекичка;Златарица;Велико Търново
62486;с.;Рельово;Самоков;София
62493;с.;Репляна;Чупрене;Видин
62503;с.;Реселец;Червен бряг;Плевен
62517;с.;Ресен;Велико Търново;Велико Търново
62520;с.;Ресилово;Сапарева баня;Кюстендил
62534;с.;Речани;Смолян;Смолян
62548;с.;Речица;Руен;Бургас
62565;с.;Реяновци;Трън;Перник
62579;с.;Рибарица;Тетевен;Ловеч
62582;с.;Рибарица;Етрополе;София
62596;с.;Рибен;Долна Митрополия;Плевен
62606;с.;Рибен дол;Баните;Смолян
62617;с.;Рибино;Крумовград;Кърджали
62623;с.;Рибник;Петрич;Благоевград
62637;с.;Рибница;Рудозем;Смолян
62640;с.;Рибново;Гърмен;Благоевград
62654;с.;Ридино;Джебел;Кърджали
62668;с.;Ридово;Кърджали;Кърджали
62671;гр.;Рила;Рила;Кюстендил
62685;ман.;Рилски манастир;Рила;Кюстендил
62699;с.;Рилци;Благоевград;Благоевград
62712;с.;Рисиманово;Раднево;Стара Загора
62726;с.;Ритя;Дряново;Габрово
62732;с.;Риш;Смядово;Шумен
62757;с.;Робово;Тунджа;Ямбол
62760;с.;Ровина;Смолян;Смолян
62774;с.;Рогач;Крумовград;Кърджали
62788;с.;Рогачево;Балчик;Добрич
62791;с.;Роглец;Ружинци;Видин
62801;с.;Рогозари;Джебел;Кърджали
62815;с.;Рогозен;Хайредин;Враца
62829;с.;Рогозина;Генерал Тошево;Добрич
62832;с.;Рогозиново;Харманли;Хасково
62846;с.;Рогозче;Джебел;Кърджали
62858;с.;Рогош;Марица;Пловдив
62877;с.;Родина;Златарица;Велико Търново
62880;с.;Родопи;Хасково;Хасково
62894;с.;Родопско;Ардино;Кърджали
62904;с.;Рожден;Руен;Бургас
62918;с.;Рожен;Сандански;Благоевград
62921;с.;Роза;Тунджа;Ямбол
62935;с.;Розино;Ивайловград;Хасково
62949;с.;Розино;Карлово;Пловдив
62966;с.;Розовец;Брезово;Пловдив
62973;с.;Розово;Брацигово;Пазарджик
62983;с.;Розово;Казанлък;Стара Загора
62997;гр.;Роман;Роман;Враца
63001;с.;Ропот;Годеч;София
63015;с.;Атия;Созопол;Бургас
63029;с.;Росен;Созопол;Бургас
63032;с.;Росен;Пазарджик;Пазарджик
63046;с.;Росен;Генерал Тошево;Добрич
63055;с.;Росеново;Средец;Бургас
63063;с.;Росеново;Добрич-селска;Добрич
63077;с.;Росина;Търговище;Търговище
63080;с.;Росица;Павликени;Велико Търново
63094;с.;Росица;Генерал Тошево;Добрич
63104;с.;Росица;Омуртаг;Търговище
63118;с.;Росно;Златарица;Велико Търново
63121;с.;Росоман;Божурище;София
63135;с.;Рояк;Дългопол;Варна
63149;с.;Лозен;Стара Загора;Стара Загора
63152;с.;Рударци;Перник;Перник
63166;с.;Рудина;Руен;Бургас
63170;с.;Рудина;Кърджали;Кърджали
63197;с.;Рудник;Долни чифлик;Варна
63207;гр.;Рудозем;Рудозем;Смолян
63210;с.;Руевци;Трявна;Габрово
63224;с.;Руен;Руен;Бургас
63238;с.;Руен;Куклен;Пловдив
63241;с.;Руец;Търговище;Търговище
63255;с.;Ружинци;Ружинци;Видин
63269;с.;Ружица;Никола Козлево;Шумен
63272;с.;Ружица;Болярово;Ямбол
63286;с.;Руйно;Дулово;Силистра
63296;с.;Руйчовци;Габрово;Габрово
63301;с.;Руманя;Стара Загора;Стара Загора
63313;с.;Румелия;Маджарово;Хасково
63327;с.;Румянцево;Луковит;Ловеч
63330;с.;Руня;Дряново;Габрово
63344;с.;Рупките;Чирпан;Стара Загора
63358;с.;Рупци;Видин;Видин
63361;с.;Рупци;Червен бряг;Плевен
63375;с.;Рупча;Руен;Бургас
63392;с.;Русалина;Черноочене;Кърджали
63402;с.;Русалско;Ардино;Кърджали
63416;с.;Русаля;Велико Търново;Велико Търново
63427;гр.;Русе;Русе;Русе
63447;с.;Русиновци;Дряново;Габрово
63450;с.;Руска Бела;Мездра;Враца
63464;с.;Русковци;Велико Търново;Велико Търново
63478;с.;Русокастро;Камено;Бургас
63481;с.;Рустан;Мадан;Смолян
63495;с.;Руховци;Елена;Велико Търново
63505;с.;Ручей;Крумовград;Кърджали
63519;с.;Ръжавец;Брезник;Перник
63522;с.;Ръжана;Ихтиман;София
63536;с.;Раждавица;Кюстендил;Кюстендил
63542;с.;Ръждак;Петрич;Благоевград
63553;с.;Ръжево;Калояново;Пловдив
63567;с.;Ръжево Конаре;Калояново;Пловдив
63570;с.;Ръжена;Казанлък;Стара Загора
63584;с.;Ръженово;Маджарово;Хасково
63598;с.;Ръжица;Руен;Бургас
63608;с.;Ръсово;Кюстендил;Кюстендил
63611;с.;Рът;Джебел;Кърджали
63639;с.;Рътлина;Омуртаг;Търговище
63668;с.;Ряхово;Сливо поле;Русе
63673;с.;Ряховците;Севлиево;Габрово
63687;с.;Рохлева;Велинград;Пазарджик
63690;с.;Рязковци;Габрово;Габрово
63700;с.;Ракитница;Брегово;Видин
63714;с.;Рожденско;Джебел;Кърджали
65019;с.;Сава;Дългопол;Варна
65022;с.;Савин;Кубрат;Разград
65036;с.;Савино;Тунджа;Ямбол
65047;с.;Савойски;Кюстендил;Кюстендил
65067;с.;Садина;Попово;Търговище
65070;с.;Садовец;Долни Дъбник;Плевен
65084;с.;Садовик;Брезник;Перник
65098;с.;Садовица;Момчилград;Кърджали
65108;с.;Садово;Хаджидимово;Благоевград
65111;с.;Садово;Сунгурларе;Бургас
65125;с.;Садово;Аврен;Варна
65139;гр.;Садово;Садово;Пловдив
65142;с.;Сажденик;Кюстендил;Кюстендил
65156;с.;Сакарци;Тополовград;Хасково
65162;с.;Саласука;Дряново;Габрово
65173;с.;Салаш;Белоградчик;Видин
65187;с.;Салманово;Шумен;Шумен
65190;с.;Самовила;Крумовград;Кърджали
65200;с.;Самоводене;Велико Търново;Велико Търново
65214;с.;Самодива;Кирково;Кърджали
65228;с.;Самокитка;Кирково;Кърджали
65231;гр.;Самоков;Самоков;София
65245;с.;Самораново;Дупница;Кюстендил
65259;с.;Самотино;Бяла;Варна
65262;с.;Самсиите;Велико Търново;Велико Търново
65276;с.;Самуил;Самуил;Разград
65288;с.;Самуилова крепост;Петрич;Благоевград
65293;с.;Самуилово;Петрич;Благоевград
65303;с.;Самуилово;Сливен;Сливен
65317;с.;Самуилово;Стара Загора;Стара Загора
65320;с.;Санадиново;Никопол;Плевен
65334;гр.;Сандански;Сандански;Благоевград
65348;с.;Сандрово;Русе;Русе
65351;с.;Сан-Стефано;Карнобат;Бургас
65365;гр.;Сапарева баня;Сапарева баня;Кюстендил
65379;с.;Сапарево;Сапарева баня;Кюстендил
65396;с.;Сараево;Мизия;Враца
65406;с.;Саранско;Стралджа;Ямбол
65419;с.;Саранци;Горна Малина;София
65437;с.;Сарая;Пазарджик;Пазарджик
65440;с.;Сатовча;Сатовча;Благоевград
65454;с.;Сбор;Крумовград;Кърджали
65468;с.;Сбор;Пазарджик;Пазарджик
65471;с.;Петко Каравелово;Полски Тръмбеш;Велико Търново
65485;с.;Сборино;Ивайловград;Хасково
65499;с.;Сборище;Твърдица;Сливен
65509;с.;Сваленик;Иваново;Русе
65512;с.;Сватбаре;Кърджали;Кърджали
65526;с.;Свежен;Брезово;Пловдив
65534;с.;Света Петка;Велинград;Пазарджик
65543;с.;Свети Никола;Каварна;Добрич
65557;с.;Светлен;Попово;Търговище
65560;с.;Светлина;Средец;Бургас
65574;с.;Светлина;Димитровград;Хасково
65588;с.;Светлина;Тополовград;Хасково
65591;с.;Светля;Ковачевци;Перник
65601;с.;Световрачене;Столична;София (столица)
65615;с.;Светослав;Кайнарджа;Силистра
65629;с.;Светослав;Стамболово;Хасково
65632;с.;Светославци;Елена;Велико Търново
65646;с.;Светулка;Ардино;Кърджали
65650;с.;Свещари;Исперих;Разград
65663;с.;Свидня;Своге;София
65677;гр.;Свиленград;Свиленград;Хасково
65680;с.;Свинарски дол;Габрово;Габрово
65704;с.;Свирачи;Ивайловград;Хасково
65721;с.;Свирково;Симеоновград;Хасково
65735;с.;Свирци;Трявна;Габрово
65752;с.;Свирчово;Антоново;Търговище
65766;гр.;Свищов;Свищов;Велико Търново
65783;с.;Свобода;Камено;Бургас
65797;с.;Свобода;Момчилград;Кърджали
65807;с.;Свобода;Стрелча;Пазарджик
65810;с.;Свобода;Чирпан;Стара Загора
65824;с.;Свобода;Добрич-селска;Добрич
65838;с.;Свободен;Раднево;Стара Загора
65841;с.;Свободиново;Черноочене;Кърджали
65855;с.;Свободица;Антоново;Търговище
65869;гр.;Своге;Своге;София
65872;с.;Своде;Правец;София
65886;с.;Севар;Кубрат;Разград
65890;с.;Севдалина;Кърджали;Кърджали
65906;с.;Северняк;Крушари;Добрич
65913;с.;Северци;Крушари;Добрич
65927;гр.;Севлиево;Севлиево;Габрово
65930;с.;Седелец;Струмяни;Благоевград
65944;с.;Седефче;Момчилград;Кърджали
65958;с.;Седларево;Котел;Сливен
65961;с.;Седлари;Момчилград;Кърджали
65975;с.;Седловина;Кърджали;Кърджали
65989;с.;Седянковци;Габрово;Габрово
65992;с.;Сейдол;Лозница;Разград
66007;с.;Сейковци;Габрово;Габрово
66010;с.;Сеймените;Велико Търново;Велико Търново
66024;с.;Секирка;Кирково;Кърджали
66038;с.;Секулово;Дулово;Силистра
66041;с.;Селиминово;Сливен;Сливен
66055;с.;Селище;Благоевград;Благоевград
66069;с.;Селище;Смолян;Смолян
66072;с.;Селищен дол;Перник;Перник
66086;с.;Селска поляна;Маджарово;Хасково
66103;с.;Селце;Мъглиж;Стара Загора
66113;с.;Селце;Каварна;Добрич
66127;с.;Селци;Садово;Пловдив
66130;с.;Селча;Девин;Смолян
66144;с.;Селянин;Ихтиман;София
66158;с.;Семерджиево;Русе;Русе
66161;с.;Семерджиите;Габрово;Габрово
66175;с.;Семерци;Антоново;Търговище
66189;с.;Семковци;Велико Търново;Велико Търново
66202;с.;Семчиново;Септември;Пазарджик
66216;с.;Сенник;Севлиево;Габрово
66229;гр.;Сеново;Ветово;Русе
66233;с.;Сеноклас;Маджарово;Хасково
66247;с.;Сенокос;Симитли;Благоевград
66250;с.;Сенокос;Балчик;Добрич
66264;гр.;Септември;Септември;Пазарджик
66278;с.;Септемврийци;Димово;Видин
66281;с.;Септемврийци;Каварна;Добрич
66295;с.;Сеслав;Кубрат;Разград
66319;с.;Сестримо;Белово;Пазарджик
66322;с.;Богородица;Петрич;Благоевград
66336;с.;Сестринско;Кърджали;Кърджали
66344;с.;Сечен камък;Трявна;Габрово
66353;с.;Сечище;Нови пазар;Шумен
66370;с.;Сива река;Свиленград;Хасково
66384;с.;Сивино;Смолян;Смолян
66398;с.;Сив кладенец;Ивайловград;Хасково
66408;с.;Сигмен;Карнобат;Бургас
66411;с.;Силен;Стамболово;Хасково
66425;гр.;Силистра;Силистра;Силистра
66439;с.;Симеоновец;Септември;Пазарджик
66442;с.;Цар Симеоново;Видин;Видин
66456;с.;Симеоново;Тунджа;Ямбол
66460;гр.;Симитли;Симитли;Благоевград
66473;с.;Синаговци;Видин;Видин
66487;с.;Синапово;Тополовград;Хасково
66490;с.;Синдел;Аврен;Варна
66500;с.;Синделци;Момчилград;Кърджали
66528;с.;Синеморец;Царево;Бургас
66531;с.;Сини вир;Каолиново;Шумен
66545;с.;Синигер;Крумовград;Кърджали
66559;с.;Синитово;Пазарджик;Пазарджик
66562;с.;Синчец;Ардино;Кърджали
66576;с.;Синьо бърдо;Роман;Враца
66585;с.;Синьо камене;Средец;Бургас
66593;с.;Синя вода;Лозница;Разград
66603;с.;Сипей;Кърджали;Кърджали
66617;с.;Сираково;Борован;Враца
66620;с.;Сираково;Генерал Тошево;Добрич
66634;с.;Сираково;Минерални бани;Хасково
66648;с.;Сирищник;Ковачевци;Перник
66651;с.;Ситово;Родопи;Пловдив
66665;с.;Ситово;Ситово;Силистра
66679;с.;Ситово;Болярово;Ямбол
66682;с.;Скала;Сунгурларе;Бургас
66696;с.;Скала;Дулово;Силистра
66706;с.;Скалак;Руен;Бургас
66716;с.;Скалак;Крумовград;Кърджали
66723;с.;Скалина;Джебел;Кърджали
66737;с.;Скалица;Тунджа;Ямбол
66740;с.;Скалище;Кърджали;Кърджали
66754;с.;Скална глава;Кърджали;Кърджали
66768;с.;Скалско;Дряново;Габрово
66771;с.;Скандалото;Априлци;Ловеч
66785;с.;Склаве;Сандански;Благоевград
66799;с.;Скобелево;Ловеч;Ловеч
66809;с.;Скобелево;Родопи;Пловдив
66812;с.;Скобелево;Сливен;Сливен
66826;с.;Скобелево;Павел баня;Стара Загора
66831;с.;Скобелево;Димитровград;Хасково
66843;с.;Скомля;Димово;Видин
66857;с.;Скорците;Трявна;Габрово
66860;с.;Скравена;Ботевград;София
66874;с.;Скребатно;Гърмен;Благоевград
66888;с.;Скрино;Бобошево;Кюстендил
66891;с.;Скриняно;Кюстендил;Кюстендил
66901;с.;Скрът;Петрич;Благоевград
66915;с.;Скутаре;Марица;Пловдив
66929;с.;Скърбино;Кърджали;Кърджали
66932;с.;Славеево;Ивайловград;Хасково
66946;с.;Славеево;Добрич-селска;Добрич
66957;с.;Славейно;Смолян;Смолян
66963;с.;Славейково;Провадия;Варна
66977;с.;Славейково;Дряново;Габрово
66980;с.;Славейково;Елхово;Ямбол
67009;с.;Славовица;Септември;Пазарджик
67012;с.;Славовица;Долна Митрополия;Плевен
67043;с.;Славотин;Монтана;Монтана
67057;с.;Славщица;Угърчин;Ловеч
67060;с.;Славяни;Ловеч;Ловеч
67074;с.;Славянин;Братя Даскалови;Стара Загора
67088;гр.;Славяново;Плевен;Плевен
67091;с.;Славяново;Попово;Търговище
67101;с.;Славяново;Харманли;Хасково
67115;с.;Славянци;Сунгурларе;Бургас
67129;с.;Сладка вода;Дългопол;Варна
67132;с.;Сладкодум;Крумовград;Кърджали
67146;с.;Сладун;Свиленград;Хасково
67154;с.;Сладък кладенец;Стара Загора;Стара Загора
67163;с.;Слаковци;Брезник;Перник
67177;с.;Сламино;Тунджа;Ямбол
67180;с.;Слана бара;Видин;Видин
67194;с.;Сланотрън;Видин;Видин
67218;с.;Слатина;Ловеч;Ловеч
67221;с.;Слатина;Берковица;Монтана
67235;с.;Слатина;Карлово;Пловдив
67249;с.;Слатина;Ситово;Силистра
67252;с.;Слатино;Бобошево;Кюстендил
67266;с.;Слатино;Ковачевци;Перник
67270;с.;Слащен;Сатовча;Благоевград
67283;с.;Сливак;Хитрино;Шумен
67297;с.;Сливарка;Крумовград;Кърджали
67307;с.;Сливарово;Малко Търново;Бургас
67310;с.;Сливата;Лом;Монтана
67324;с.;Сливек;Ловеч;Ловеч
67338;гр.;Сливен;Сливен;Сливен
67341;с.;Сливито;Мъглиж;Стара Загора
67355;с.;Сливка;Баните;Смолян
67369;с.;Сливница;Кресна;Благоевград
67372;гр.;Сливница;Сливница;София
67386;с.;Сливовик;Медковец;Монтана
67395;с.;Сливовица;Златарица;Велико Търново
67400;с.;Сливовник;Белоградчик;Видин
67413;с.;Сливово;Средец;Бургас
67427;с.;Сливово;Трявна;Габрово
67430;с.;Сливово;Смолян;Смолян
67444;гр.;Сливо поле;Сливо поле;Русе
67458;с.;Слишовци;Трън;Перник
67461;с.;Слокощица;Кюстендил;Кюстендил
67475;с.;Сломер;Павликени;Велико Търново
67489;с.;Слънчево;Аксаково;Варна
67492;с.;Слънчовец;Антоново;Търговище
67502;с.;Слънчоглед;Джебел;Кърджали
67516;с.;Смилец;Стрелча;Пазарджик
67526;с.;Смилец;Силистра;Силистра
67533;с.;Смиловци;Габрово;Габрово
67547;с.;Смилян;Смолян;Смолян
67550;с.;Смин;Шабла;Добрич
67564;с.;Смирненски;Брусарци;Монтана
67578;с.;Смирненски;Ветово;Русе
67581;с.;Смирненци;Харманли;Хасково
67595;с.;Смиров дол;Земен;Перник
67619;с.;Смоличано;Невестино;Кюстендил
67622;с.;Смолница;Добрич-селска;Добрич
67636;с.;Смолско;Мирково;София
67641;с.;Смолча;Годеч;София
67653;гр.;Смолян;Смолян;Смолян
67667;с.;Смоляновци;Монтана;Монтана
67670;с.;Смочан;Ловеч;Ловеч
67698;с.;Смочево;Рила;Кюстендил
67708;гр.;Смядово;Смядово;Шумен
67725;с.;Снежа;Руен;Бургас
67739;с.;Снежина;Провадия;Варна
67742;с.;Снежинка;Кърджали;Кърджали
67756;с.;Сноп;Генерал Тошево;Добрич
67767;с.;Снягово;Руен;Бургас
67773;с.;Снягово;Генерал Тошево;Добрич
67787;с.;Совата;Свищов;Велико Търново
67790;с.;Соволяно;Кюстендил;Кюстендил
67800;гр.;Созопол;Созопол;Бургас
67828;с.;Сокол;Главиница;Силистра
67831;с.;Сокол;Нова Загора;Сливен
67845;с.;Соколаре;Бяла Слатина;Враца
67859;с.;Соколарци;Котел;Сливен
67862;с.;Соколенци;Ивайловград;Хасково
67876;с.;Соколец;Руен;Бургас
67882;с.;Соколино;Момчилград;Кърджали
67893;с.;Соколите;Черноочене;Кърджали
67903;с.;Соколица;Карлово;Пловдив
67917;с.;Соколник;Добрич-селска;Добрич
67920;с.;Соколово;Карнобат;Бургас
67934;с.;Соколово;Дряново;Габрово
67948;с.;Соколово;Ловеч;Ловеч
67951;с.;Соколово;Балчик;Добрич
67965;с.;Соколовци;Смолян;Смолян
67979;с.;Соколско;Кърджали;Кърджали
67982;с.;Соколяне;Кърджали;Кърджали
67996;с.;Солари;Габрово;Габрово
68000;с.;Солища;Смолян;Смолян
68014;с.;Солище;Кърджали;Кърджали
68028;с.;Солник;Долни чифлик;Варна
68045;с.;Сомовит;Гулянци;Плевен
68059;с.;Сопица;Брезник;Перник
68062;с.;Сопово;Бобошево;Кюстендил
68076;с.;Сопот;Угърчин;Ловеч
68080;гр.;Сопот;Сопот;Пловдив
68093;с.;Сопотот;Рудозем;Смолян
68103;с.;Полковник Иваново;Добрич-селска;Добрич
68117;с.;Сотиря;Сливен;Сливен
68120;с.;Софийци;Джебел;Кърджали
68134;гр.;София;Столична;София (столица)
68148;с.;Софрониево;Мизия;Враца
68165;с.;Спанци;Габрово;Габрово
68179;с.;Спанчевци;Вършец;Монтана
68182;с.;Спасово;Чирпан;Стара Загора
68196;с.;Спасово;Генерал Тошево;Добрич
68210;с.;Спасовци;Габрово;Габрово
68223;с.;Спатово;Сандански;Благоевград
68237;с.;Спахиево;Минерални бани;Хасково
68240;с.;Сполука;Ардино;Кърджали
68254;с.;Срацимир;Силистра;Силистра
68268;с.;Срацимирово;Грамада;Видин
68271;с.;Сребриново;Панагюрище;Пазарджик
68299;с.;Сребърна;Силистра;Силистра
68309;с.;Средец;Неделино;Смолян
68312;с.;Средец;Опан;Стара Загора
68326;с.;Средина;Генерал Тошево;Добрич
68336;с.;Срединка;Кърджали;Кърджали
68357;с.;Средище;Кайнарджа;Силистра
68388;с.;Средковец;Каолиново;Шумен
68401;с.;Средна махала;Руен;Бургас
68415;с.;Среднево;Черноочене;Кърджали
68429;с.;Средни колиби;Елена;Велико Търново
68432;с.;Средни рът;Роман;Враца
68446;с.;Средногорово;Казанлък;Стара Загора
68451;с.;Средногорци;Мадан;Смолян
68463;с.;Средно градище;Чирпан;Стара Загора
68480;с.;Средно село;Ветрино;Варна
68494;с.;Средно село;Златарица;Велико Търново
68504;с.;Средня;Шумен;Шумен
68518;с.;Средогрив;Чупрене;Видин
68521;с.;Средок;Смолян;Смолян
68535;с.;Средорек;Трекляно;Кюстендил
68549;с.;Средорек;Сливен;Сливен
68552;с.;Средоселци;Исперих;Разград
68566;с.;Средска;Черноочене;Кърджали
68577;с.;Средско;Кирково;Кърджали
68583;с.;Срем;Тополовград;Хасково
68597;с.;Срънско;Ардино;Кърджали
68607;с.;Ставерци;Долна Митрополия;Плевен
68610;с.;Стаевци;Шабла;Добрич
68624;с.;Стайновци;Трявна;Габрово
68638;с.;Стайчин дол;Мадан;Смолян
68641;с.;Стайчовци;Трън;Перник
68655;с.;Стакевци;Белоградчик;Видин
68669;с.;Сталево;Димитровград;Хасково
68672;с.;Сталийска махала;Лом;Монтана
68692;с.;Стамболийски;Хасково;Хасково
68708;с.;Стамболово;Павликени;Велико Търново
68713;с.;Стамболово;Сливо поле;Русе
68727;с.;Стамболово;Стамболово;Хасково
68730;с.;Хан Аспарухово;Стара Загора;Стара Загора
68744;с.;Стан;Нови пазар;Шумен
68758;с.;Станево;Лом;Монтана
68761;с.;Станец;Омуртаг;Търговище
68775;с.;Станинци;Годеч;София
68789;гр.;Дупница;Дупница;Кюстендил
68792;с.;Логодаж;Благоевград;Благоевград
68802;с.;Становец;Хитрино;Шумен
68816;с.;Станча;Дряново;Габрово
68823;с.;Станчов хан;Трявна;Габрово
68833;с.;Станьовци;Брезник;Перник
68847;с.;Станянци;Върбица;Шумен
68850;гр.;Стара Загора;Стара Загора;Стара Загора
68864;с.;Стара река;Сливен;Сливен
68878;с.;Стара река;Тунджа;Ямбол
68881;с.;Стара речка;Антоново;Търговище
68895;с.;Старейшино;Кирково;Кърджали
68919;с.;Старилковци;Габрово;Габрово
68936;с.;Стари чал;Крумовград;Кърджали
68953;с.;Старово;Кирково;Кърджали
68967;с.;Старо Железаре;Хисаря;Пловдив
68970;с.;Старозагорски бани;Стара Загора;Стара Загора
68984;с.;Старо място;Кърджали;Кърджали
68998;с.;Старо Оряхово;Долни чифлик;Варна
69002;с.;Старопатица;Кула;Видин
69016;с.;Старосел;Хисаря;Пловдив
69020;с.;Староселец;Провадия;Варна
69047;с.;Старо селище;Исперих;Разград
69050;с.;Старо село;Мездра;Враца
69064;с.;Старо село;Радомир;Перник
69078;с.;Старо село;Тутракан;Силистра
69081;с.;Старо село;Сливен;Сливен
69095;с.;Староселци;Искър;Плевен
69105;с.;Старцево;Златоград;Смолян
69119;с.;Старчево;Петрич;Благоевград
69122;с.;Стар читак;Ардино;Кърджали
69136;с.;Старчище;Антоново;Търговище
69146;с.;Стеврек;Антоново;Търговище
69153;с.;Стежерово;Левски;Плевен
69167;с.;Стенско;Кюстендил;Кюстендил
69170;с.;Стефан Караджа;Вълчи дол;Варна
69184;с.;Стефан Караджа;Главиница;Силистра
69198;с.;Стефан Караджа;Добрич-селска;Добрич
69208;с.;Стефан Караджово;Болярово;Ямбол
69211;с.;Стефаново;Габрово;Габрово
69225;с.;Стефаново;Ловеч;Ловеч
69239;с.;Стефаново;Радомир;Перник
69242;с.;Стефаново;Добрич-селска;Добрич
69256;с.;Стикъл;Смолян;Смолян
69261;с.;Стоб;Кочериново;Кюстендил
69273;с.;Стоево;Асеновград;Пловдив
69287;с.;Стоевци;Габрово;Габрово
69290;с.;Стожа;Сандански;Благоевград
69300;с.;Стожер;Добрич-селска;Добрич
69314;с.;Стоил войвода;Нова Загора;Сливен
69328;с.;Стоилово;Малко Търново;Бургас
69345;с.;Стойките;Смолян;Смолян
69359;с.;Стойково;Хасково;Хасково
69376;с.;Стойново;Антоново;Търговище
69393;с.;Стойчевци;Елена;Велико Търново
69403;с.;Стойчовци;Габрово;Габрово
69417;с.;Стоките;Севлиево;Габрово
69420;с.;Столетово;Карлово;Пловдив
69434;с.;Столетово;Опан;Стара Загора
69448;с.;Столник;Елин Пелин;София
69451;с.;Столът;Севлиево;Габрово
69465;с.;Стоманево;Девин;Смолян
69479;с.;Стоманеците;Габрово;Габрово
69482;с.;Стоманци;Кирково;Кърджали
69496;с.;Стоян-Заимово;Чирпан;Стара Загора
69506;с.;Стоян Михайловски;Нови пазар;Шумен
69518;с.;Стояново;Ардино;Кърджали
69523;с.;Радювене;Ловеч;Ловеч
69537;с.;Стояново;Вършец;Монтана
69540;с.;Стояновци;Елена;Велико Търново
69554;с.;Стояновци;Роман;Враца
69571;с.;Страдалово;Невестино;Кюстендил
69585;с.;Стража;Смолян;Смолян
69599;с.;Стража;Търговище;Търговище
69609;с.;Стражата;Трявна;Габрово
69612;с.;Стражевци;Кърджали;Кърджали
69633;гр.;Стражица;Стражица;Велико Търново
69643;с.;Стражица;Балчик;Добрич
69657;с.;Стражница;Черноочене;Кърджали
69660;гр.;Стралджа;Стралджа;Ямбол
69674;с.;Странджа;Болярово;Ямбол
69688;с.;Странджево;Крумовград;Кърджали
69691;с.;Странско;Димитровград;Хасково
69701;с.;Страхил;Вълчи дол;Варна
69715;с.;Страхил войвода;Кърджали;Кърджали
69729;с.;Страхилица;Венец;Шумен
69732;с.;Страхилово;Полски Тръмбеш;Велико Търново
69746;с.;Страцин;Поморие;Бургас
69759;с.;Страшимир;Златоград;Смолян
69763;с.;Страшимирово;Белослав;Варна
69777;с.;Стрезимировци;Трън;Перник
69780;с.;Стрелец;Горна Оряховица;Велико Търново
69794;с.;Стрелец;Стара Загора;Стара Загора
69804;с.;Стрелково;Кайнарджа;Силистра
69818;с.;Стрелци;Брезово;Пловдив
69821;с.;Стрелци;Котел;Сливен
69835;гр.;Стрелча;Стрелча;Пазарджик
69849;с.;Стремово;Кърджали;Кърджали
69852;с.;Стремци;Кърджали;Кърджали
69866;с.;Стрижба;Кирково;Кърджали
69874;с.;Строево;Марица;Пловдив
69883;с.;Стройно;Елхово;Ямбол
69897;с.;Стройновци;Антоново;Търговище
69910;с.;Струиндол;Белоградчик;Видин
69924;с.;Струино;Шумен;Шумен
69938;с.;Струма;Сандански;Благоевград
69941;с.;Струмешница;Петрич;Благоевград
69969;с.;Струмяни;Струмяни;Благоевград
69972;с.;Струпец;Роман;Враца
69986;с.;Струпец;Сливен;Сливен
69990;с.;Струя;Руен;Бургас
70007;с.;Стръмци;Трявна;Габрово
70010;с.;Стряма;Раковски;Пловдив
70024;с.;Стубел;Монтана;Монтана
70038;с.;Студена;Перник;Перник
70041;с.;Студена;Мадан;Смолян
70055;с.;Студена;Свиленград;Хасково
70069;с.;Студенец;Лозница;Разград
70072;с.;Студенец;Чепеларе;Смолян
70086;с.;Студен извор;Трън;Перник
70099;с.;Студеница;Хитрино;Шумен
70104;с.;Студен кладенец;Крумовград;Кърджали
70113;с.;Студено буче;Монтана;Монтана
70127;с.;Стъргел;Горна Малина;София
70130;с.;Стърмен;Бяла;Русе
70158;с.;Стърница;Баните;Смолян
70175;гр.;Суворово;Суворово;Варна
70189;с.;Сугарево;Сандански;Благоевград
70202;с.;Сулица;Стара Загора;Стара Загора
70216;с.;Султани;Елена;Велико Търново
70220;с.;Царевци;Аврен;Варна
70233;с.;Сумер;Монтана;Монтана
70247;гр.;Сунгурларе;Сунгурларе;Бургас
70250;с.;Сусам;Минерални бани;Хасково
70264;с.;Суха река;Велико Търново;Велико Търново
70278;с.;Суха река;Велики Преслав;Шумен
70281;с.;Сухаче;Червен бряг;Плевен
70295;гр.;Сухиндол;Сухиндол;Велико Търново
70319;с.;Сухово;Ардино;Кърджали
70322;с.;Суходол;Средец;Бургас
70336;с.;Суходол;Главиница;Силистра
70353;с.;Сухозем;Калояново;Пловдив
70367;с.;Сухолоевци;Дряново;Габрово
70370;с.;Сухострел;Симитли;Благоевград
70384;с.;Сушево;Завет;Разград
70398;с.;Сушина;Върбица;Шумен
70408;с.;Сушица;Стражица;Велико Търново
70411;с.;Сушица;Трекляно;Кюстендил
70439;с.;Събковци;Елена;Велико Търново
70442;с.;Съботковци;Габрово;Габрово
70456;с.;Събрано;Нова Загора;Сливен
70473;с.;Съдиево;Айтос;Бургас
70487;с.;Съдиево;Нова Загора;Сливен
70490;с.;Съдийско поле;Нова Загора;Сливен
70500;с.;Старо село;Троян;Ловеч
70514;с.;Съединение;Сунгурларе;Бургас
70528;гр.;Съединение;Съединение;Пловдив
70531;с.;Съединение;Братя Даскалови;Стара Загора
70545;с.;Съединение;Търговище;Търговище
70559;с.;Сърнак;Крумовград;Кърджали
70562;с.;Сърневец;Братя Даскалови;Стара Загора
70576;с.;Сърнево;Карнобат;Бургас
70586;с.;Сърнево;Раднево;Стара Загора
70593;с.;Сърнегор;Брезово;Пловдив
70603;с.;Сърненци;Велико Търново;Велико Търново
70617;с.;Сърнец;Тервел;Добрич
70620;с.;Сърнино;Смолян;Смолян
70634;с.;Сърнино;Генерал Тошево;Добрич
70648;гр.;Сърница;Сърница;Пазарджик
70651;с.;Сърница;Минерални бани;Хасково
70665;с.;Сърпово;Силистра;Силистра
70679;с.;Сърцево;Твърдица;Сливен
70682;с.;Сяново;Тутракан;Силистра
70696;с.;Сяровци;Дряново;Габрово
70706;с.;Сярци;Момчилград;Кърджали
70723;с.;Селановци;Оряхово;Враца
70737;с.;Сини връх;Асеновград;Пловдив
70768;с.;Стойковци;Габрово;Габрово
70771;с.;Седларци;Ардино;Кърджали
70785;с.;Сенце;Момчилград;Кърджали
70799;с.;Селище;Севлиево;Габрово
70809;с.;Сипец;Джебел;Кърджали
70812;с.;Сливенци;Добрич-селска;Добрич
70860;с.;Стражец;Разград;Разград
72014;с.;Табан;Драгоман;София
72028;с.;Табачка;Иваново;Русе
72031;с.;Табашка;Севлиево;Габрово
72045;с.;Таваличево;Кюстендил;Кюстендил
72059;с.;Вълчаново;Средец;Бургас
72062;с.;Таймище;Антоново;Търговище
72076;с.;Тамарино;Стралджа;Ямбол
72080;с.;Смолник;Карнобат;Бургас
72093;с.;Татарево;Първомай;Пловдив
72103;с.;Татарево;Минерални бани;Хасково
72117;с.;Татари;Белене;Плевен
72120;с.;Татково;Кърджали;Кърджали
72134;с.;Татул;Момчилград;Кърджали
72148;с.;Твърдинци;Търговище;Търговище
72151;с.;Твърдица;Бургас;Бургас
72165;гр.;Твърдица;Твърдица;Сливен
72179;с.;Твърдица;Шабла;Добрич
72182;с.;Текето;Хасково;Хасково
72196;с.;Телериг;Крушари;Добрич
72206;с.;Телиш;Червен бряг;Плевен
72211;с.;Телчарка;Джебел;Кърджали
72223;гр.;Батановци;Перник;Перник
72237;с.;Теменуга;Стражица;Велико Търново
72240;с.;Тенево;Тунджа;Ямбол
72254;с.;Тепава;Ловеч;Ловеч
72268;с.;Теплен;Хаджидимово;Благоевград
72271;гр.;Тервел;Тервел;Добрич
72285;с.;Тервел;Хитрино;Шумен
72299;с.;Терзийско;Сунгурларе;Бургас
72309;с.;Терзийско;Троян;Ловеч
72312;с.;Терзиите;Велико Търново;Велико Търново
72337;с.;Тертер;Кубрат;Разград
72343;гр.;Тетевен;Тетевен;Ловеч
72357;с.;Тетово;Русе;Русе
72360;с.;Тешел;Девин;Смолян
72374;с.;Тешово;Хаджидимово;Благоевград
72391;с.;Тикале;Смолян;Смолян
72401;с.;Тимарево;Хитрино;Шумен
72429;с.;Тинтява;Крумовград;Кърджали
72432;с.;Типченица;Мездра;Враца
72446;с.;Титевци;Елена;Велико Търново
72452;с.;Тиховец;Антоново;Търговище
72463;с.;Тихомир;Кирково;Кърджали
72477;с.;Тихомирово;Раднево;Стара Загора
72480;с.;Тича;Котел;Сливен
72494;с.;Тишаново;Невестино;Кюстендил
72504;с.;Тишевица;Враца;Враца
72518;с.;Тияновци;Брегово;Видин
72521;с.;Тлачене;Бяла Слатина;Враца
72535;с.;Тодореците;Трявна;Габрово
72549;с.;Тодор Икономово;Каолиново;Шумен
72552;с.;Тодоричене;Луковит;Ловеч
72566;с.;Тодорово;Плевен;Плевен
72578;с.;Тодорово;Исперих;Разград
72583;с.;Тодоровци;Велико Търново;Велико Търново
72597;с.;Тодоровци;Габрово;Габрово
72607;с.;Тодювци;Елена;Велико Търново
72610;с.;Токачка;Крумовград;Кърджали
72624;гр.;Добрич;Добрич;Добрич
72638;с.;Толовица;Макреш;Видин
72641;с.;Томбето;Елена;Велико Търново
72655;с.;Томпсън;Своге;София
72669;с.;Томчевци;Трявна;Габрово
72672;с.;Тонско дабе;Петрич;Благоевград
72693;с.;Топола;Каварна;Добрич
72709;с.;Тополи;Варна;Варна
72713;с.;Тополи дол;Пазарджик;Пазарджик
72727;с.;Тополица;Айтос;Бургас
72730;с.;Тополка;Крумовград;Кърджали
72744;с.;Тополница;Петрич;Благоевград
72758;с.;Тополница;Дупница;Кюстендил
72761;гр.;Тополовград;Тополовград;Хасково
72775;с.;Тополовец;Кула;Видин
72789;с.;Тополово;Асеновград;Пловдив
72792;с.;Тополово;Маджарово;Хасково
72802;с.;Тополчане;Кърджали;Кърджали
72816;с.;Тополчане;Сливен;Сливен
72824;с.;Тополяне;Раднево;Стара Загора
72833;с.;Топузево;Котел;Сливен
72847;с.;Топузи;Елена;Велико Търново
72850;с.;Топчии;Разград;Разград
72864;с.;Топчийско;Руен;Бургас
72878;с.;Торбалъжите;Габрово;Габрово
72881;с.;Тотлебен;Пордим;Плевен
72895;с.;Точилари;Кубрат;Разград
72919;с.;Тошевци;Грамада;Видин
72922;с.;Траве;Баните;Смолян
72936;с.;Травник;Каварна;Добрич
72940;с.;Трайково;Лом;Монтана
72953;с.;Тракиец;Хасково;Хасково
72967;с.;Тракийци;Средец;Бургас
72970;с.;Тракия;Опан;Стара Загора
72998;с.;Трапесковци;Габрово;Габрово
73002;с.;Трапище;Лозница;Разград
73016;с.;Трапоклово;Сливен;Сливен
73033;с.;Требище;Смолян;Смолян
73047;с.;Трекляно;Трекляно;Кюстендил
73050;с.;Трем;Хитрино;Шумен
73078;с.;Трескавец;Антоново;Търговище
73081;с.;Триводици;Стамболийски;Пловдив
73095;с.;Тригорци;Балчик;Добрич
73105;с.;Триград;Девин;Смолян
73119;с.;Три кладенци;Враца;Враца
73122;с.;Трилистник;Марица;Пловдив
73136;с.;Три могили;Кърджали;Кърджали
73147;с.;Три могили;Асеновград;Пловдив
73167;с.;Трифоново;Монтана;Монтана
73170;с.;Троица;Велики Преслав;Шумен
73184;с.;Тросково;Симитли;Благоевград
73198;гр.;Троян;Троян;Ловеч
73208;с.;Троян;Симеоновград;Хасково
73211;с.;Трояново;Камено;Бургас
73225;с.;Трояново;Раднево;Стара Загора
73242;с.;Труд;Марица;Пловдив
73256;с.;Трудовец;Ботевград;София
73262;с.;Тръбач;Лозница;Разград
73273;гр.;Трън;Трън;Перник
73287;с.;Трънак;Руен;Бургас
73290;с.;Трънито;Габрово;Габрово
73300;с.;Тръница;Нови пазар;Шумен
73314;с.;Трънково;Раднево;Стара Загора
73328;с.;Трънково;Елхово;Ямбол
73331;с.;Трънковци;Елена;Велико Търново
73345;с.;Трънчовица;Левски;Плевен
73359;гр.;Тръстеник;Долна Митрополия;Плевен
73362;с.;Тръстеник;Иваново;Русе
73376;с.;Тръстика;Попово;Търговище
73388;с.;Тръстиково;Камено;Бургас
73393;с.;Тръстиково;Аврен;Варна
73403;гр.;Трявна;Трявна;Габрово
73417;с.;Туден;Годеч;София
73420;с.;Тулово;Мъглиж;Стара Загора
73434;с.;Тумбалово;Севлиево;Габрово
73448;с.;Тумбевци;Елена;Велико Търново
73451;с.;Турия;Павел баня;Стара Загора
73465;с.;Туркинча;Дряново;Габрово
73479;с.;Туроковци;Трън;Перник
73482;с.;Турян;Смолян;Смолян
73496;гр.;Тутракан;Тутракан;Силистра
73506;с.;Тутраканци;Провадия;Варна
73519;с.;Туховища;Сатовча;Благоевград
73523;с.;Тученица;Плевен;Плевен
73537;с.;Тушовица;Върбица;Шумен
73540;с.;Тъжа;Павел баня;Стара Загора
73554;с.;Тъкач;Каолиново;Шумен
73568;с.;Тънки рът;Елена;Велико Търново
73571;с.;Тънково;Несебър;Бургас
73585;с.;Тънково;Стамболово;Хасково
73599;с.;Тънкото;Мадан;Смолян
73609;с.;Тъпчилещово;Омуртаг;Търговище
73612;с.;Търговище;Чупрене;Видин
73626;гр.;Търговище;Търговище;Търговище
73634;с.;Търкашени;Елена;Велико Търново
73643;с.;Търнава;Бяла Слатина;Враца
73657;с.;Търнава;Тунджа;Ямбол
73660;с.;Търнак;Бяла Слатина;Враца
73674;с.;Търнене;Плевен;Плевен
73688;с.;Търничени;Павел баня;Стара Загора
73691;с.;Търновлаг;Кюстендил;Кюстендил
73701;с.;Търновца;Търговище;Търговище
73715;с.;Търновци;Джебел;Кърджали
73729;с.;Търновци;Тутракан;Силистра
73732;с.;Търносливка;Ардино;Кърджали
73746;с.;Търняне;Видин;Видин
73750;с.;Търсино;Кюстендил;Кюстендил
73763;с.;Търхово;Севлиево;Габрово
73777;с.;Търън;Смолян;Смолян
73780;с.;Тюленово;Шабла;Добрич
73794;с.;Тюркмен;Брезово;Пловдив
73804;с.;Тютюнче;Джебел;Кърджали
73818;с.;Тянево;Добрич-селска;Добрич
73821;с.;Тянево;Симеоновград;Хасково
73883;с.;Тънка бара;Неделино;Смолян
73897;с.;Търна;Ардино;Кърджали
73924;с.;Тополовец;Ружинци;Видин
75013;с.;Угледно;Омуртаг;Търговище
75023;с.;Углярци;Радомир;Перник
75037;с.;Угорелец;Севлиево;Габрово
75040;с.;Угорялковци;Елена;Велико Търново
75054;гр.;Угърчин;Угърчин;Ловеч
75068;с.;Узово;Генерал Тошево;Добрич
75085;с.;Узунджово;Хасково;Хасково
75099;с.;Узуните;Габрово;Габрово
75112;с.;Умаревци;Ловеч;Ловеч
75139;с.;Урвата;Трявна;Габрово
75143;с.;Уровене;Криводол;Враца
75157;с.;Уручевци;Мадан;Смолян
75174;с.;Усойка;Бобошево;Кюстендил
75188;с.;Устина;Родопи;Пловдив
75191;с.;Устрем;Тополовград;Хасково
75201;с.;Устрен;Джебел;Кърджали
75215;с.;Ухловица;Смолян;Смолян
75229;с.;Ушевци;Велико Търново;Велико Търново
75232;с.;Уши;Трекляно;Кюстендил
75246;с.;Ушинци;Разград;Разград
75254;с.;Узуново;Асеновград;Пловдив
76025;с.;Фазаново;Царево;Бургас
76039;с.;Факия;Средец;Бургас
76042;с.;Фатово;Смолян;Смолян
76056;с.;Велислав;Сунгурларе;Бургас
76064;с.;Фелдфебел Денково;Добрич-селска;Добрич
76073;с.;Филаретово;Котел;Сливен
76087;с.;Върбица;Димитровград;Хасково
76090;с.;Филипово;Банско;Благоевград
76100;с.;Филипово;Тополовград;Хасково
76114;с.;Филиповци;Трън;Перник
76145;с.;Флорентин;Ново село;Видин
76159;с.;Фотиново;Кирково;Кърджали
76162;с.;Фотиново;Батак;Пазарджик
76180;с.;Фролош;Кочериново;Кюстендил
76193;с.;Фурен;Криводол;Враца
76203;с.;Фъргово;Сатовча;Благоевград
76217;с.;Фърговци;Габрово;Габрово
76220;с.;Фъревци;Трявна;Габрово
76234;с.;Фъртуни;Трявна;Габрово
77013;с.;Хаджидимитрово;Свищов;Велико Търново
77027;с.;Хаджидимитрово;Казанлък;Стара Загора
77030;с.;Хаджидимитрово;Тунджа;Ямбол
77044;с.;Хаджи Димитър;Каварна;Добрич
77058;гр.;Хаджидимово;Хаджидимово;Благоевград
77061;с.;Хаджиево;Пазарджик;Пазарджик
77089;с.;Хаджиите;Карнобат;Бургас
77092;с.;Хаджийско;Кирково;Кърджали
77102;с.;Хайредин;Хайредин;Враца
77116;с.;Брезен;Ардино;Кърджали
77120;с.;Халваджийско;Антоново;Търговище
77150;с.;Ханово;Тунджа;Ямбол
77164;с.;Харачерите;Габрово;Габрово
77178;с.;Харваловци;Елена;Велико Търново
77181;гр.;Харманли;Харманли;Хасково
77195;гр.;Хасково;Хасково;Хасково
77205;с.;Хасовица;Смолян;Смолян
77219;с.;Хвойна;Чепеларе;Смолян
77222;с.;Хвостяне;Гърмен;Благоевград
77236;с.;Хвърчил;Мирково;София
77246;с.;Хераково;Божурище;София
77253;с.;Хирево;Севлиево;Габрово
77267;с.;Хисар;Крумовград;Кърджали
77270;гр.;Хисаря;Хисаря;Пловдив
77284;с.;Хитово;Добрич-селска;Добрич
77308;гр.;Цар Калоян;Цар Калоян;Разград
77311;с.;Хлевене;Ловеч;Ловеч
77325;с.;Хлябово;Тополовград;Хасково
77339;с.;Ходжовци;Кърджали;Кърджали
77342;с.;Хотанца;Русе;Русе
77356;с.;Хотница;Велико Търново;Велико Търново
77361;с.;Хотово;Сандански;Благоевград
77373;с.;Храбрино;Родопи;Пловдив
77387;с.;Храброво;Провадия;Варна
77390;с.;Храброво;Балчик;Добрич
77400;с.;Храбърско;Божурище;София
77414;с.;Храсна;Сандански;Благоевград
77428;с.;Храстово;Крумовград;Кърджали
77431;с.;Християново;Стара Загора;Стара Загора
77445;с.;Христовци;Елена;Велико Търново
77459;с.;Христовци;Трявна;Габрово
77462;с.;Христо Даново;Карлово;Пловдив
77476;с.;Хрищени;Стара Загора;Стара Загора
77487;с.;Хромица;Ардино;Кърджали
77493;с.;Хубавене;Роман;Враца
77517;с.;Хума;Самуил;Разград
77520;с.;Хухла;Ивайловград;Хасково
77534;с.;Хъневци;Елена;Велико Търново
77548;с.;Хърлец;Козлодуй;Враца
77565;с.;Хърсово;Сандански;Благоевград
77579;с.;Хърсово;Самуил;Разград
77582;с.;Хърсово;Никола Козлево;Шумен
77596;с.;Горно Краище;Белица;Благоевград
78015;с.;Цаконица;Мездра;Враца
78029;с.;Цалапица;Родопи;Пловдив
78032;с.;Цани Гинчево;Никола Козлево;Шумен
78046;с.;Цапарево;Струмяни;Благоевград
78056;с.;Цар Асен;Пазарджик;Пазарджик
78063;с.;Цар Асен;Алфатар;Силистра
78077;с.;Цар Асен;Попово;Търговище
78080;с.;Царацово;Марица;Пловдив
78094;с.;Царева поляна;Стамболово;Хасково
78104;с.;Царев брод;Шумен;Шумен
78118;с.;Царев дол;Тутракан;Силистра
78121;с.;Царевец;Свищов;Велико Търново
78135;с.;Царевец;Мездра;Враца
78149;с.;Царевец;Кърджали;Кърджали
78152;с.;Царевец;Добрич-селска;Добрич
78166;с.;Царевци;Омуртаг;Търговище
78171;с.;Царимир;Съединение;Пловдив
78183;с.;Царино;Кирково;Кърджали
78197;с.;Царичина;Костинброд;София
78207;с.;Цар Калоян;Куклен;Пловдив
78210;с.;Хан Крум;Велики Преслав;Шумен
78224;с.;Цар-Петрово;Кула;Видин
78238;с.;Цар Самуил;Тутракан;Силистра
78241;с.;Цацаровци;Златоград;Смолян
78255;с.;Цацаровци;Драгоман;София
78269;с.;Цвеклювци;Елена;Велико Търново
78272;с.;Цветино;Велинград;Пазарджик
78286;с.;Цветкова бара;Берковица;Монтана
78297;с.;Цветница;Търговище;Търговище
78302;с.;Цвятковци;Габрово;Габрово
78313;с.;Цвятово;Джебел;Кърджали
78327;с.;Цегриловци;Трън;Перник
78330;с.;Целина;Чирпан;Стара Загора
78344;с.;Ценино;Нова Загора;Сливен
78358;с.;Ценович;Силистра;Силистра
78361;с.;Ценово;Ценово;Русе
78375;с.;Ценово;Чирпан;Стара Загора
78389;с.;Цепераните;Велико Търново;Велико Търново
78392;с.;Церетелево;Съединение;Пловдив
78402;с.;Церецел;Своге;София
78416;с.;Церковски;Карнобат;Бургас
78428;с.;Церова кория;Велико Търново;Велико Търново
78433;с.;Церовец;Иваново;Русе
78447;с.;Церовица;Кюстендил;Кюстендил
78450;с.;Церовище;Омуртаг;Търговище
78464;с.;Церово;Благоевград;Благоевград
78478;с.;Церово;Лесичово;Пазарджик
78481;с.;Церово;Своге;София
78495;с.;Циклово;Бобошево;Кюстендил
78505;с.;Цирка;Мадан;Смолян
78519;с.;Цонево;Дългопол;Варна
78536;с.;Цонковци;Велико Търново;Велико Търново
78543;с.;Црешново;Кюстендил;Кюстендил
78553;с.;Цръклевци;Драгоман;София
78567;с.;Црънча;Доспат;Смолян
78570;с.;Црънча;Пазарджик;Пазарджик
78584;с.;Църварица;Невестино;Кюстендил
78598;с.;Цървена ябълка;Кюстендил;Кюстендил
78608;с.;Цървендол;Кюстендил;Кюстендил
78611;с.;Цървеняно;Кюстендил;Кюстендил
78625;с.;Цървище;Кочериново;Кюстендил
78639;с.;Църква;Балчик;Добрич
78642;с.;Църквица;Джебел;Кърджали
78656;с.;Църквица;Никола Козлево;Шумен
78669;с.;Църквище;Златица;София
80011;с.;Чавдар;Чавдар;София
80025;с.;Чавдар;Доспат;Смолян
80039;с.;Чавдарци;Ловеч;Ловеч
80042;с.;Чавдарци;Елена;Велико Търново
80056;с.;Чавеи;Габрово;Габрово
80065;с.;Чавка;Кирково;Кърджали
80073;с.;Чайка;Провадия;Варна
80087;с.;Чайка;Момчилград;Кърджали
80090;с.;Чакаларово;Кирково;Кърджали
80100;с.;Чакали;Елена;Велико Търново
80114;с.;Чакалите;Трявна;Габрово
80128;с.;Чакалци;Джебел;Кърджали
80131;с.;Кременец;Момчилград;Кърджали
80145;с.;Чал;Крумовград;Кърджали
80159;с.;Чала;Борино;Смолян
80162;с.;Чалъкови;Раковски;Пловдив
80176;с.;Боровица;Ардино;Кърджали
80193;с.;Чамла;Смолян;Смолян
80203;с.;Царски извор;Стражица;Велико Търново
80217;с.;Чарган;Тунджа;Ямбол
80220;с.;Чарда;Стралджа;Ямбол
80248;с.;Чеганци;Кърджали;Кърджали
80251;с.;Чеканец;Невестино;Кюстендил
80265;с.;Чеканец;Драгоман;София
80279;с.;Чеканци;Антоново;Търговище
80282;с.;Чеканчево;Горна Малина;София
80296;с.;Сини рид;Руен;Бургас
80306;с.;Челник;Тунджа;Ямбол
80311;с.;Челопек;Враца;Враца
80323;с.;Челопеч;Челопеч;София
80340;с.;Челопечене;Каварна;Добрич
80354;с.;Челюстница;Чипровци;Монтана
80368;с.;Чемиш;Георги Дамяново;Монтана
80371;гр.;Чепеларе;Чепеларе;Смолян
80385;с.;Чепино;Ковачевци;Перник
80399;с.;Чепинци;Рудозем;Смолян
80409;с.;Чепинци;Столична;София (столица)
80412;с.;Чеплетен;Смолян;Смолян
80426;с.;Чепърлинци;Драгоман;София
80437;с.;Червен;Асеновград;Пловдив
80443;с.;Червен;Иваново;Русе
80457;с.;Червена;Свищов;Велико Търново
80460;с.;Червена вода;Русе;Русе
80474;с.;Червенаково;Твърдица;Сливен
80488;с.;Червена могила;Радомир;Перник
80491;с.;Червен брег;Дупница;Кюстендил
80501;гр.;Червен бряг;Червен бряг;Плевен
80515;с.;Червенковци;Елена;Велико Търново
80529;с.;Червенци;Вълчи дол;Варна
80532;с.;Черганово;Казанлък;Стара Загора
80546;с.;Черенча;Шумен;Шумен
80552;с.;Черепово;Харманли;Хасково
80563;с.;Череша;Руен;Бургас
80594;с.;Черешица;Кърджали;Кърджали
80604;с.;Черешките;Смолян;Смолян
80618;с.;Черешница;Сандански;Благоевград
80635;с.;Черешовица;Берковица;Монтана
80649;с.;Черешово;Белица;Благоевград
80652;с.;Черешово;Сливо поле;Русе
80666;с.;Черешово;Смолян;Смолян
80678;с.;Черешовска река;Смолян;Смолян
80683;с.;Черкаски;Вършец;Монтана
80697;с.;Черковица;Никопол;Плевен
80707;с.;Черковище;Мирково;София
80710;с.;Черковна;Провадия;Варна
80724;с.;Черковна;Разград;Разград
80738;с.;Черковна;Дулово;Силистра
80741;с.;Черковна;Търговище;Търговище
80755;с.;Черково;Карнобат;Бургас
80769;с.;Черна;Добрич-селска;Добрич
80772;с.;Черна;Хитрино;Шумен
80786;с.;Черна вода;Антоново;Търговище
80793;с.;Черна гора;Братя Даскалови;Стара Загора
80813;с.;Черна могила;Айтос;Бургас
80827;с.;Черна могила;Харманли;Хасково
80830;с.;Черна нива;Черноочене;Кърджали
80844;с.;Черна скала;Кърджали;Кърджали
80861;с.;Чернево;Суворово;Варна
80889;с.;Черневци;Габрово;Габрово
80892;с.;Черни бряг;Антоново;Търговище
80902;с.;Черни Вит;Тетевен;Ловеч
80916;с.;Черни връх;Камено;Бургас
80933;с.;Черни връх;Вълчедръм;Монтана
80950;с.;Черни връх;Смядово;Шумен
80964;с.;Чернигово;Ардино;Кърджали
80978;с.;Черни дял;Елена;Велико Търново
80981;с.;Черни Осъм;Троян;Ловеч
80995;с.;Черни рид;Ивайловград;Хасково
81006;с.;Черница;Сунгурларе;Бургас
81013;с.;Черниче;Симитли;Благоевград
81027;с.;Черничево;Крумовград;Кърджали
81030;с.;Черничево;Хисаря;Пловдив
81044;с.;Черничино;Ивайловград;Хасково
81058;с.;Черновръх;Трявна;Габрово
81061;с.;Черноглавци;Венец;Шумен
81075;с.;Черногор;Главиница;Силистра
81089;с.;Черногорово;Пазарджик;Пазарджик
81092;с.;Черногорово;Димитровград;Хасково
81102;с.;Черноград;Айтос;Бургас
81116;с.;Чернодъб;Свиленград;Хасково
81121;с.;Чернозем;Елхово;Ямбол
81133;с.;Черноземен;Калояново;Пловдив
81147;с.;Чернокапци;Омуртаг;Търговище
81150;с.;Чернолик;Дулово;Силистра
81178;гр.;Черноморец;Созопол;Бургас
81181;с.;Черноморци;Шабла;Добрич
81195;с.;Черноок;Провадия;Варна
81205;с.;Чернооки;Крумовград;Кърджали
81219;с.;Чернооково;Генерал Тошево;Добрич
81222;с.;Чернооково;Върбица;Шумен
81236;с.;Черноочене;Черноочене;Кърджали
81247;с.;Черно поле;Ружинци;Видин
81253;с.;Черньово;Ихтиман;София
81267;с.;Черньовци;Кърджали;Кърджали
81270;с.;Честименско;Тервел;Добрич
81284;с.;Четирци;Невестино;Кюстендил
81308;с.;Чехларе;Брезово;Пловдив
81325;с.;Чешлянци;Трекляно;Кюстендил
81339;с.;Чешма;Златарица;Велико Търново
81342;с.;Чешнегирово;Садово;Пловдив
81356;с.;Чибаовци;Костинброд;София
81362;с.;Чилик;Кърджали;Кърджали
81373;с.;Чилнов;Две могили;Русе
81387;с.;Чинтулово;Сливен;Сливен
81390;гр.;Чипровци;Чипровци;Монтана
81400;с.;Чирен;Враца;Враца
81414;гр.;Чирпан;Чирпан;Стара Загора
81428;с.;Чистово;Златарица;Велико Търново
81431;с.;Читаковци;Габрово;Габрово
81459;с.;Чифлик;Белоградчик;Видин
81462;с.;Чифлик;Кърджали;Кърджали
81476;с.;Чифлик;Троян;Ловеч
81493;с.;Чичево;Кирково;Кърджали
81503;с.;Чичил;Кула;Видин
81517;с.;Чобанка;Момчилград;Кърджали
81520;с.;Чокманово;Смолян;Смолян
81534;с.;Чокоба;Сливен;Сливен
81548;с.;Чомаково;Момчилград;Кърджали
81551;с.;Чомаковци;Червен бряг;Плевен
81565;с.;Чорбаджийско;Кирково;Кърджали
81579;с.;Чорул;Драгоман;София
81582;с.;Чубра;Сунгурларе;Бургас
81596;с.;Чубрика;Ардино;Кърджали
81606;с.;Чудинци;Кюстендил;Кюстендил
81619;с.;Чудомир;Лозница;Разград
81623;с.;Чуйпетлово;Перник;Перник
81637;с.;Тодорчета;Габрово;Габрово
81640;с.;Чукарка;Айтос;Бургас
81654;с.;Чукарово;Тополовград;Хасково
81668;с.;Чуката;Златарица;Велико Търново
81685;с.;Чукилите;Габрово;Габрово
81699;с.;Чуковезер;Драгоман;София
81709;с.;Чуковец;Радомир;Перник
81712;с.;Чуковец;Алфатар;Силистра
81726;с.;Чуково;Дряново;Габрово
81734;с.;Чуково;Момчилград;Кърджали
81743;с.;Стражец;Крумовград;Кърджали
81757;с.;Чупрене;Чупрене;Видин
81760;с.;Чурек;Елин Пелин;София
81774;с.;Чурен;Родопи;Пловдив
81788;с.;Чурилово;Петрич;Благоевград
81791;с.;Чуричени;Петрич;Благоевград
81801;с.;Чурка;Мадан;Смолян
81815;с.;Чуруково;Девин;Смолян
81829;с.;Чучулига;Ивайловград;Хасково
81832;с.;Чучулигово;Петрич;Благоевград
81850;с.;Черна Места;Якоруда;Благоевград
81863;с.;Чолакова;Велинград;Пазарджик
81904;с.;Чарково;Габрово;Габрово
81918;с.;Червена локва;Габрово;Габрово
81921;с.;Червена скала;Ардино;Кърджали
81935;с.;Черешка;Джебел;Кърджали
81952;с.;Черна гора;Перник;Перник
81966;с.;Черник;Дулово;Силистра
81975;с.;Чоба;Брезово;Пловдив
83017;гр.;Шабла;Шабла;Добрич
83020;с.;Шаново;Мъглиж;Стара Загора
83034;с.;Шарани;Габрово;Габрово
83048;с.;Шаренска;Мадан;Смолян
83051;с.;Шарково;Болярово;Ямбол
83082;с.;Шатрово;Бобов дол;Кюстендил
83106;с.;Шейново;Казанлък;Стара Загора
83123;с.;Шереметя;Велико Търново;Велико Търново
83137;с.;Дъбовица;Сунгурларе;Бургас
83154;с.;Шиварово;Руен;Бургас
83168;с.;Шиливери;Елена;Велико Търново
83171;с.;Шилковци;Елена;Велико Търново
83185;с.;Шипикова махала;Бойница;Видин
83199;гр.;Шипка;Казанлък;Стара Загора
83209;с.;Шипковица;Трън;Перник
83212;с.;Шипково;Троян;Ловеч
83226;с.;Шипок;Кирково;Кърджали
83239;с.;Шипот;Димово;Видин
83243;с.;Шипочане;Самоков;София
83257;с.;Шипочано;Кюстендил;Кюстендил
83260;с.;Шипчените;Габрово;Габрово
83274;с.;Широка лъка;Смолян;Смолян
83288;с.;Широка поляна;Хасково;Хасково
83291;с.;Широки дол;Самоков;София
83301;с.;Широково;Две могили;Русе
83315;с.;Широко поле;Кърджали;Кърджали
83329;с.;Шишенци;Бойница;Видин
83332;с.;Шишковица;Антоново;Търговище
83354;с.;Шишковци;Кюстендил;Кюстендил
83363;с.;Цар Шишманово;Макреш;Видин
83377;с.;Шишманово;Харманли;Хасково
83380;с.;Шишманци;Раковски;Пловдив
83394;с.;Шияково;Гулянци;Плевен
83404;с.;Шкорпиловци;Долни чифлик;Варна
83418;с.;Шодековци;Велико Търново;Велико Търново
83421;с.;Алендарова;Велинград;Пазарджик
83435;с.;Шопите;Севлиево;Габрово
83449;с.;Шопци;Кирково;Кърджали
83452;с.;Шубеци;Елена;Велико Търново
83466;с.;Шума;Годеч;София
83497;с.;Шумата;Севлиево;Габрово
83510;гр.;Шумен;Шумен;Шумен
83524;с.;Шуменци;Тутракан;Силистра
83538;с.;Шумнатица;Кирково;Кърджали
83555;с.;Шушня;Дряново;Габрово
83586;с.;Шемшево;Велико Търново;Велико Търново
84019;с.;Щерна;Джебел;Кърджали
84022;с.;Щипско;Вълчи дол;Варна
84036;с.;Щит;Свиленград;Хасково
84049;с.;Щръклево;Иваново;Русе
84067;с.;Щърково;Лесичово;Пазарджик
85010;с.;Ъглен;Луковит;Ловеч
86012;с.;Югово;Лъки;Пловдив
86026;с.;Юделник;Сливо поле;Русе
86030;с.;Върхари;Момчилград;Кърджали
86043;с.;Юлиево;Мъглиж;Стара Загора
86057;с.;Юнак;Аврен;Варна
86060;с.;Юнаци;Момчилград;Кърджали
86074;с.;Юнаците;Пазарджик;Пазарджик
86088;с.;Юнец;Долни чифлик;Варна
86091;с.;Юпер;Кубрат;Разград
86101;с.;Юруково;Якоруда;Благоевград
86115;с.;Юндола;Велинград;Пазарджик
87014;гр.;Ябланица;Ябланица;Ловеч
87028;с.;Ябланица;Своге;София
87031;с.;Ябланово;Котел;Сливен
87059;с.;Ябълковец;Ардино;Кърджали
87062;с.;Ябълково;Кюстендил;Кюстендил
87076;с.;Ябълково;Димитровград;Хасково
87081;с.;Ябълковци;Трявна;Габрово
87093;с.;Ябълчево;Руен;Бургас
87103;с.;Ябълчени;Черноочене;Кърджали
87117;с.;Явор;Трявна;Габрово
87120;с.;Яворец;Габрово;Габрово
87134;с.;Яворница;Петрич;Благоевград
87148;с.;Яворовец;Мъглиж;Стара Загора
87165;с.;Яворово;Черноочене;Кърджали
87179;с.;Яврово;Куклен;Пловдив
87182;с.;Яворово;Стара Загора;Стара Загора
87206;с.;Ягнило;Ветрино;Варна
87212;с.;Ягода;Мъглиж;Стара Загора
87223;с.;Ягодина;Борино;Смолян
87237;с.;Ягодово;Берковица;Монтана
87240;с.;Ягодово;Родопи;Пловдив
87254;с.;Яздач;Чирпан;Стара Загора
87271;с.;Язовец;Антоново;Търговище
87285;с.;Яким Груево;Исперих;Разград
87299;с.;Якимово;Якимово;Монтана
87309;с.;Яковица;Кирково;Кърджали
87312;с.;Яково;Петрич;Благоевград
87326;с.;Яковци;Елена;Велико Търново
87338;гр.;Якоруда;Якоруда;Благоевград
87343;с.;Ялботина;Драгоман;София
87360;с.;Ялово;Велико Търново;Велико Търново
87374;гр.;Ямбол;Ямбол;Ямбол
87388;с.;Ямино;Джебел;Кърджали
87391;с.;Ямна;Етрополе;София
87401;с.;Яна;Столична;София (столица)
87415;с.;Янино;Кирково;Кърджали
87429;с.;Янково;Смядово;Шумен
87432;с.;Янковци;Габрово;Габрово
87446;с.;Яново;Сандански;Благоевград
87453;с.;Янтра;Горна Оряховица;Велико Търново
87463;с.;Янтра;Дряново;Габрово
87477;с.;Яньовец;Димово;Видин
87480;с.;Ярджиловци;Перник;Перник
87494;с.;Яребица;Кърджали;Кърджали
87504;с.;Яребица;Дулово;Силистра
87518;с.;Яребична;Аксаково;Варна
87521;с.;Яребично;Антоново;Търговище
87535;с.;Яребковица;Самоков;София
87549;с.;Ярловица;Димово;Видин
87552;с.;Ярлово;Самоков;София
87566;с.;Ярловци;Трън;Перник
87579;с.;Ярославци;Брезник;Перник
87583;с.;Ясен;Ново село;Видин
87597;с.;Ясен;Плевен;Плевен
87607;с.;Ясените;Габрово;Габрово
87610;с.;Ясенково;Венец;Шумен
87624;с.;Ясеновец;Разград;Разград
87638;с.;Ясеново;Руен;Бургас
87641;с.;Ясеново;Казанлък;Стара Загора
87655;с.;Ясна поляна;Приморско;Бургас
87669;с.;Ясно поле;Марица;Пловдив
87672;с.;Ястреб;Кърджали;Кърджали
87686;с.;Ястребино;Антоново;Търговище
87694;с.;Ястребна;Ситово;Силистра
87700;с.;Ястребово;Русе;Русе
87713;с.;Ястребово;Опан;Стара Загора
87727;с.;Яхиново;Дупница;Кюстендил
87802;с.;Попови ливади;Гоце Делчев;Благоевград
87816;с.;Свети Спас;Долна баня;София
87825;с.;Свети Константин;Пещера;Пазарджик
